id,user_id,brand,model,release_year,vin,plate
1,959,Cadillac,ATS,2010,4L52K6N7N7SHTZCP9,Х539КВ03
2,19,Mercedes-Benz,GLE,2007,N0PNZE3J8VMS0E0FH,Т207РА680
3,163,Ford,Explorer,2000,AT1Z4NW0WQOX7CCSC,Е110НА21
4,408,Lincoln,Corsair,1995,9VCXEDI6YTFYM4YNE,Х242РО650
5,484,Rolls-Royce,Cullinan,1995,F7Q1Q3W5VQIH98MI5,В767ЕМ558
6,57,Audi,A4,1980,1545FLPN1P07SHUEN,Х294МА309
7,95,Rolls-Royce,Phantom,1990,YPCHT4SZKVAYIPDS5,В120МТ74
8,590,Volkswagen,Golf,2009,8C0JUG1YNCFADL4YT,Р181ЕС667
9,604,Rolls-Royce,Wraith,2005,ANIHNWIQXS3UNAMWO,В707ВЕ106
10,512,Ford,F-150,1992,J64Z3LR44GFGCVS8U,Р506КА138
11,528,BMW,M4,2016,CUG3IQY3W2WN3WB84,Н315ТТ581
12,86,BMW,M8,2024,92GPCNK63SBQ1QWXY,Е684ОХ37
13,831,Audi,RS6,1993,6TXXYVXSFXSAOMM5L,Е258НР439
14,428,Rolls-Royce,Ghost,2005,I08I3YZS4LGTCKJGY,Х430ХЕ364
15,59,Hyundai,Elantra,2021,KN4VZJ8HZVPFRKY8H,О893РЕ109
16,974,BMW,X5,2013,SV4EKU2WQD68HNOWE,С792ВА698
17,28,Cadillac,XT5,2010,4MMCJGRUQARCOGDIY,Е667ОО146
18,548,Lada,Priora,1984,S7O8SOH3ZVHFGJOGL,Р431АН15
19,542,Hyundai,Solaris,1986,PKSTYZXA9PFXMAMUJ,О780СТ200
20,6,Lada,2110,1988,MBTC2U6TL7WC4OAN3,Р955ВА747
21,674,Dodge,Durango,1992,W40AVO6D7Y4YQ4S44,К908УК514
22,253,Skoda,Karoq,2004,JDMTEY5SHQK8MZ00G,Н176СО08
23,965,Ford,F-150,2019,0F6J25WOXJNDN0QDP,В551ЕА774
24,712,Hyundai,Santa Fe,2017,URKY4DZNV8J98QCZV,Е263ТТ152
25,697,Skoda,Superb,2005,QQ46R82E5A1YCSKNZ,А194РВ681
26,930,Porsche,Cayenne,1986,8F5YHKDAC5F8K0743,М903КВ16
27,715,Porsche,Macan,1994,QYV6ZFDYFT0DBXDU0,В525РХ263
28,446,Lincoln,Continental,1982,WPLU1PPQ9AB5S0QCZ,Н981АМ293
29,813,Audi,RS4,1993,CMJEJ8E90AW51P5L9,Р931ТА569
30,996,Hyundai,Solaris,2008,3AOCULU3JFN8UYK75,Р759КА772
31,277,Kia,Sorento,2008,XNOMKO6U1MK35CY8I,Х483КС665
32,982,Skoda,Kodiaq,1989,0RKG00H3OHD1L4JB6,Р496МК490
33,400,BMW,M3,1985,3C5Y30COVW1J56P8R,М884АО416
34,574,Audi,A3,2001,U10OPFAMIXPYUTSE7,Н500МР715
35,374,Lincoln,Corsair,2007,6FCCXAFHUT2VZFCU6,В954ХР426
36,293,Ford,Mustang,1998,TYTMJQRRACD57FXB7,Е859ТТ170
37,979,Toyota,Corolla,1995,3U3QMV9W69XXGYOFW,Т327ТУ491
38,502,Ford,Explorer,2004,3LX3BURQA3C56WVEQ,В498КЕ377
39,959,Kia,Sportage,2014,L67K9XC8RSAMVSYW9,Х563УВ166
40,236,Toyota,Camry,2010,Q9IPDCZR8QWQSBV1R,Е534ЕВ481
41,212,Nissan,X-Trail,2015,5UJMD70L9DQYXZQLL,Н190ТМ585
42,312,BMW,M6,1993,ZK6YUJSWA1R1ZJD4B,К494ОХ326
43,397,Hyundai,Elantra,2007,EO340N1HHY4QYDMB5,В837РА35
44,323,Hyundai,Tucson,1989,INKCAP5IPTCAOLP5J,А629НТ234
45,662,Toyota,Camry,1990,LK74OPVR3K5CFP81I,Р224ММ579
46,309,Dodge,Durango,2011,4OGJN4E7MSCH8EK7K,В419УС43
47,529,Audi,A3,1985,JPTE1O721R2KY9Y0Z,С775ТН628
48,521,Hyundai,Santa Fe,2018,ULCLYRY6Q04XH3B5E,Р968ЕВ668
49,759,Rolls-Royce,Wraith,1987,E0L62LNXGZ1HLYOR9,М617ХС261
50,390,Volkswagen,Tiguan,1984,D9G1HDA67WMVBIZGM,У494АХ166
51,466,BMW,5 Series,2019,73TLCAR9UUVXZUWCL,Е736КВ412
52,687,Lada,Niva,1994,PODONFQ00L1DD81W5,Р466ЕК623
53,173,Kia,Sorento,1988,8596TL5VRC06YZODA,Е731ЕМ390
54,918,Audi,A5,2005,BHLK57E8ANBAA35JF,Н246ЕТ311
55,776,Cadillac,CTS,1992,LNXI5M8ETHZV9B45U,А807УК146
56,317,Kia,Rio,2024,HWIXPC1ZM561LS9OW,Н427НР572
57,626,Nissan,Qashqai,1990,YXEFH7UURP97CJZE2,Х900МТ437
58,573,Rolls-Royce,Wraith,1980,RVCQ1SE2DOR36W3MS,У639УМ70
59,886,Volkswagen,Passat,1997,855C3Z45LS2FVD4ZJ,В309ТТ650
60,209,Rolls-Royce,Phantom,1995,KX73ULNOS8XQ7VN3H,Х533КХ345
61,261,Dodge,Charger,1982,UXQGEZ7ILUI1IMQGS,Р254ХУ583
62,844,Cadillac,Escalade,2012,VE6Z8486AQRM3JUH4,Х800КС715
63,517,Volkswagen,Golf,1983,S6OLW90SVF3LLOTWR,Е257РО367
64,554,Lincoln,Corsair,2015,5EOJP1LYQK8V0X0BY,К902УК789
65,181,Ford,F-150,1990,K44UJXQTFYQB9HT89,Т650УК348
66,974,Porsche,Panamera,2002,427K12Y3S8OYG02HS,М650АМ544
67,779,Nissan,Teana,2013,WTHQ996SVY3GJJCSF,В619НА517
68,561,Kia,Rio,1981,85IQEIP6NAFRMFBCD,М646ОО303
69,670,BMW,M2,2011,FQQD2W4UG6UO5Q3BS,К911МХ289
70,661,Rolls-Royce,Cullinan,1997,5H9WWHRPWMK94L495,Р573ХМ603
71,287,Cadillac,CTS,2020,GMH6SAJQDSFSHN20U,С770ЕМ214
72,112,Cadillac,XT5,2017,I1IC4BSP1G91C6CL9,Т182МО43
73,70,Ford,Mondeo,1991,RUX7H7TTOFB157E49,Е306УО292
74,376,Rolls-Royce,Wraith,1981,DV6RHZ0123REM7ZWN,А333ТО567
75,570,Skoda,Kodiaq,2006,GOY40X5LTR9B470XY,О875РС499
76,455,BMW,M8,2003,IAIL502K5W3HREUTU,Н812ММ72
77,28,Audi,Q4,1988,YNZ0ENOTO28H7C6R8,У629КЕ766
78,1,Cadillac,XT6,1985,KTZCGQWFZD2TG50VF,К588МН674
79,576,Toyota,Camry,1985,KEWG87ZCUS1Z7RS8Z,Х260АС668
80,864,Porsche,Panamera,1990,ZN2VOC9VGY23K0GI2,Е792НЕ551
81,993,Lincoln,Aviator,1988,30V5OB0H99XA0GM3D,Т428АТ297
82,559,Lada,2108,1991,92SLFBKFRCW409B9V,Е825КВ615
83,354,Audi,Q3,1993,O6XZLU44Y5ZDJ7JBU,С270ОВ414
84,497,Skoda,Octavia,1983,2HZD45WI88IH15KBM,Х901ХР235
85,762,Lada,2109,2021,N7D5M0HGXSCW1NZJF,В655ЕО252
86,743,Mercedes-Benz,C-Class,1994,RX23EWV2J7N94Z167,У901ЕЕ259
87,567,Kia,Sportage,2007,14PJKCSR8GM5FT18B,У891ХА328
88,627,Nissan,X-Trail,1980,PPOEF9WJ0YGWDJYIT,У235ОР64
89,423,Audi,A8,1993,M3N2VW7LRJWU4DLD8,М805УА270
90,340,Ford,Mustang,1997,P4IMT9UO8V72RJDPW,У146РС472
91,943,Porsche,911,2021,VQWVLGZ1XWJ0LL9IK,Е933НЕ779
92,988,BMW,7 Series,2000,CHNSYJ5BLJPSVLKCJ,А657ОН251
93,924,Lada,2105,2004,1N2T574SZ5IBNHGJK,Р215ВО511
94,347,Skoda,Superb,2024,O11X25FRSKJLO2LB9,М814ОУ426
95,763,Ford,Mustang,2001,EVD48M1QCTGQMQ0HK,Т433ОМ36
96,38,Kia,Sorento,2022,09E038J9E6IXO630U,К565МТ665
97,621,Dodge,Journey,1983,RKFIW455BW99OSBNN,Т965ХХ255
98,547,Porsche,Cayenne,2011,XMNKGB6E99HKZOW7C,М187ТР653
99,366,BMW,7 Series,2008,N1SVIZO7R3DXBB5WY,Х896ТР580
100,42,Audi,Q7,2008,O6UPL74H4TYKZ18I0,С600УХ137
101,857,Volkswagen,Polo,2006,XPKYA34Z1DLYK7C4L,К104СА549
102,364,Kia,Sorento,1980,9K8V3UYQMPXAZDLL3,Н358КТ206
103,453,Volkswagen,Golf,1990,NTLYNV2ITFFZPYXRT,Т295УУ715
104,742,Lincoln,Aviator,1999,A8LXL04G81HXYSIH8,В571МТ347
105,73,Nissan,Teana,1995,64K8CIWUMQ83256SA,Т853ХА175
106,448,Ford,Mustang,2016,51ZGMJEXIBWSXE0ML,Т836ММ350
107,62,Cadillac,CTS,2011,VOBRTYN3KNKSQWYYO,Х136МК488
108,629,Dodge,Charger,1983,MDYTQX7BBX1VPM8QF,Р827ОА764
109,386,Mercedes-Benz,C-Class,2009,8CEPOQHWHWGOCQYS2,Р862ОО698
110,4,Mercedes-Benz,E-Class,2000,2N7I3II0RS1XO5DC6,В311РВ671
111,542,Toyota,Camry,2005,JSS2570F0VL7O1LMM,Т204ЕТ102
112,568,Cadillac,ATS,2024,IJ4J2MRRDVEMG81LJ,У157АУ327
113,89,BMW,7 Series,2023,7G6PR7GX7CDDWKASP,Р306КР733
114,577,Mercedes-Benz,G-Class,2020,5DEM4Y9NM1FV5W4CB,У865РХ69
115,907,Porsche,Cayenne,1981,2NFQXJXYUK175GHDF,С641АТ184
116,336,BMW,M2,1986,Q6UUQJLD6Z0TVX6NQ,О262ХУ119
117,820,Rolls-Royce,Cullinan,2001,YVUMV11X97PE0GSPO,А883КК444
118,4,Ford,Mustang,2018,9KM7JRABRMNHZJY0D,Х801НУ152
119,584,Mercedes-Benz,G-Class,2014,X0SYQBWET1SVN20YD,У190СВ180
120,661,Rolls-Royce,Phantom,2016,2AV23T9LDXNS8CO4T,А939ВО221
121,191,Lada,2107,1986,6SW42AE2OHV1HTXRG,Е292ЕТ785
122,883,BMW,3 Series,2016,OTA7OJ0BGJ3YPV4NF,М575ТУ12
123,286,Toyota,Land Cruiser,2020,GNT93LY38DV2NJU9V,В938СС566
124,751,Toyota,Land Cruiser,2009,HO1BDBVYPO3PG3DPO,У298СТ312
125,303,Hyundai,Tucson,2015,I55M0A896YL1YPMAX,Т616ТС109
126,689,Nissan,X-Trail,1999,MWXBR5PTPRR0V5JZ9,М374ОН84
127,185,Skoda,Karoq,1986,0JGR8SF9LGZTGCQOB,А922КН633
128,131,Toyota,Corolla,2017,PQXP3BY9QY7JNDE6W,О863КР646
129,282,BMW,M8,2014,FGJOWH4APTLNNFP0O,В899КХ691
130,474,Rolls-Royce,Ghost,2010,WXMHSJUIA52BCUJM2,С246СМ733
131,661,Volkswagen,Tiguan,1992,JKCPVLL7QXMYIUDUZ,О755ТУ305
132,932,Porsche,Macan,2009,T5F5KIKYPKVI6AKO8,Х981АР155
133,797,Lincoln,Aviator,1990,40HF2NCO7PQYDCN6W,Р938МХ120
134,826,Porsche,Cayenne,1992,LXZLWIM98UEODFQ1A,В626ТЕ435
135,66,Skoda,Karoq,2000,HQGBD3CG3XSV1S721,К375АС171
136,5,Porsche,911,1985,SVRG1BDTS337GHW4X,В541СО370
137,442,Kia,Sorento,2000,0ZMC8EL7LNSABRTSG,Р971УР622
138,646,Dodge,Journey,2003,SN7KSKW80JRYTDZQN,Е553АХ770
139,121,Volkswagen,Passat,2019,5299E58ZL74JENG8Y,А515НР767
140,91,Nissan,X-Trail,1989,GN9VVP51WK9VGC5UM,М462ТС157
141,521,Hyundai,Santa Fe,2021,4AWSJ0519WNL37XZ0,Р798УК583
142,82,Hyundai,Tucson,1997,AHXGB9MKW4QZRUJ78,С138ВС340
143,636,Hyundai,Solaris,2014,NNYYXB0Z2VZPH6X4J,Р329НМ203
144,728,Mercedes-Benz,GLA,1984,B2DCPT27BPIT2EWWA,С217ХМ563
145,319,Cadillac,ATS,2000,WNKTQ60K466VILJX2,С552ВХ792
146,35,Kia,Sorento,2001,QP0VPZJH9V8YN4ZXV,Е936СХ302
147,143,Audi,A4,2021,HMQXPIE9IEPAJQX34,М814СЕ57
148,973,Porsche,Panamera,2001,177LNOA5OEF0R223Q,М798ЕХ514
149,211,Volkswagen,Passat,2000,CYN4YKCIA3WDY5Y7C,О883УХ787
150,493,BMW,M3,1997,SJLCZLJJI4WNFEYW7,А862МО182
151,458,Skoda,Karoq,2019,FSXILZ7XZZ7UH1T86,О766МК607
152,962,Dodge,Ram,1994,BZ91WBJOK12K9ZCUB,В402ЕУ337
153,499,Cadillac,XT5,2024,EGMV50VL6OUMK9KB6,Х426ВО299
154,331,Cadillac,CTS,1987,2QKBL5ABUD5CJZAQC,С354ВТ556
155,838,Skoda,Kodiaq,1995,98JFYYG927CPW5JS1,М780УЕ705
156,406,Nissan,X-Trail,2001,XEZUU5KWIUI8Z926L,Т208РВ231
157,656,Nissan,Murano,1980,PUR09673GNIT8HPKD,Х987ЕВ266
158,812,Cadillac,ATS,2004,Y7411X4CUI4NQPFBZ,У812НЕ22
159,546,Hyundai,Tucson,2022,IYB57VNCBUP8DBCIF,Р994МС481
160,446,Lada,2104,2000,IKL7FG7I0T92XO3A1,Т608ОС360
161,137,Lincoln,Corsair,2022,MUCFP1ALWDTQ2MMFS,М536РО243
162,466,Lincoln,Aviator,2023,1E8U5IAC1X7MOAV94,М863УЕ194
163,719,Rolls-Royce,Cullinan,1999,RRG93GI5ZSLXHIB02,Т123СО647
164,151,Hyundai,Santa Fe,2006,LGEOUZVAN7SOT422H,Х300ОО681
165,63,Volkswagen,Passat,2020,SBYWGA9ZY9SI3T8SB,У703ТУ524
166,287,Nissan,X-Trail,1987,EYPGUPXQNFDXIQB7H,К596ХР569
167,171,Mercedes-Benz,C-Class,1981,Y384VM2GHY7TOXNMY,А849НТ588
168,785,Mercedes-Benz,C-Class,2022,KC8PL8ETXL5ZNKZY9,У849КМ326
169,493,Cadillac,XT5,1992,2OBLSZP9K8B6R7YOG,Н128ОУ666
170,442,Audi,Q5,2017,JVS5B0QGAGUJDSFN5,Р701УМ500
171,829,Cadillac,XT6,1999,KDTMNBTLS2EFS6ZI7,С627КР315
172,605,Kia,Rio,2013,8904XWQUIUPZP7RG2,А279АВ305
173,506,Lada,Niva,1995,VUWGW0O9Z3D8BYNBO,Е697ОХ457
174,318,Hyundai,Solaris,1994,0FL7QKV9NIKNUP4NS,К832МВ66
175,110,Rolls-Royce,Cullinan,1999,OBLSHRQS1RL1IY1TY,У803КТ125
176,202,Lada,Priora,1985,PBXW43BJYXSS0BPLG,О451МО531
177,483,Audi,Q5,2018,PL6N7ZWM1BVZJV9ZO,А654АТ281
178,157,Lincoln,Continental,2016,T7TL01QUY2IB0SGYC,Р325КР84
179,789,Kia,Sportage,1998,HPDH6ORG6A9TENKLG,Е805ЕВ09
180,390,Ford,Focus,1985,TZU5GWRFF7MVENZKV,Х219ЕЕ66
181,792,Nissan,Teana,2006,UFD2ZD2HM6GLY4N4D,Т598НР233
182,747,Dodge,Challenger,2008,19E6SFPRGB2FZCY3E,Р426ЕА649
183,536,Kia,Sorento,1997,GJ544HDSFWTY9X3V9,Т689РС425
184,109,Porsche,Macan,2008,I8C6XZ6NBFQROLW47,С477РК684
185,62,Hyundai,Elantra,2010,200GRDLCV3PWBAGS3,М395ХР243
186,409,Nissan,Teana,1981,Q1EVHIBI4HCGEUN0D,Е658АХ389
187,830,Rolls-Royce,Cullinan,1988,BSVMKPGGAADGXLBFS,У208АК533
188,843,Ford,Mondeo,1984,FPJL4W5WFWBBC2B9V,Е799АВ09
189,577,Cadillac,ATS,1982,2VHDH56VEDWT82ETA,С758КХ645
190,61,Lincoln,Aviator,2014,P6QKP5BS0R81CB7VM,О123ТЕ507
191,928,Skoda,Karoq,1998,Z5XV17V6QDUCV0CAH,Х920НС600
192,302,Skoda,Kodiaq,1992,0EYWDLECOZJK2S51N,А419АУ63
193,55,Hyundai,Santa Fe,1992,MK7LTYXL96313AAGK,Н310НВ597
194,718,Lada,2111,2010,8FI426VIPJ18HDYTI,Х609РЕ517
195,110,Hyundai,Solaris,1988,S3QGAORTNFHE48MYB,О312НЕ778
196,925,Hyundai,Santa Fe,1987,W0N116GAI9Q5PID7P,Х617МС630
197,857,Skoda,Yetti,2004,E51CD6GET381V7UAE,Т790ОН107
198,487,Porsche,Panamera,2018,EGM156NU9C853WPIC,В903КС99
199,948,Skoda,Yetti,2006,7KS5PUDXNJFW1E27D,К839ВН282
200,675,Rolls-Royce,Ghost,2004,9PLMUJJFYXDT5FQUB,Н735ЕУ197
201,538,BMW,X5,2003,GGP4EUH5PD5G0I182,К546РР142
202,331,Toyota,Corolla,2018,81WSR05Q0DYG3XAV2,О859НА729
203,320,Ford,Explorer,2024,0KQF43Q5A1RU0GNSX,К281АО209
204,241,Kia,Ceed,2024,348H3TYSR3VBMZIUN,О359ХА529
205,465,Volkswagen,Passat,1980,ZA8A5AG7TAWYERCFU,С289РС423
206,777,Dodge,Charger,1982,XBLDH939G9DL3P1JS,С518РА175
207,247,Mercedes-Benz,GLA,2019,DO7U199YDR9PTX65B,Х233ХХ334
208,399,Hyundai,Solaris,1998,550N34VKT2062CNS6,О816НХ765
209,364,BMW,5 Series,1990,94HRJ9ROI89UY7T73,Н443ТО207
210,556,Porsche,Cayenne,1982,9WXA1N4AU6I8BI24B,Е778ОУ64
211,29,Ford,Mondeo,1999,IC8X5IIGJOGDNPEAE,К612РО136
212,345,Lincoln,Aviator,1991,TS2LTDEV8OE45C7Z0,У793СТ251
213,902,Toyota,Corolla,1992,ZSBZWH4PLJOAG684U,А158ТУ509
214,672,Hyundai,Tucson,1985,TK6I7R1GOWXGIPTN8,Р545РО90
215,628,Porsche,Cayenne,2009,CF5BNVQ1YLOBKB81X,Т674СУ447
216,354,Toyota,Camry,2021,32Z1KJNMSEIEO8VQC,Х104ВЕ78
217,256,Cadillac,Escalade,1990,U45W7K6OT5KKI82I4,Т544НА111
218,247,Toyota,Camry,2005,GHHL2LH7EV7W0D9PE,У415ОМ498
219,721,Audi,A8,1999,WE62CKK8F6GD8BE3R,К253МР117
220,894,Lada,2115,1980,P56YKC8J8GWA92843,Т297ВР134
221,914,Nissan,Qashqai,2008,RU8JA5FR8KLGL2WZI,У850СХ267
222,408,Lada,Priora,2002,NIA0QH4AORNJPEIZT,К653ТА143
223,58,Mercedes-Benz,E-Class,2013,WBP685134WGI53B9A,У385ЕМ383
224,587,Lada,Niva,2008,FE9S7V388PCRJYRX0,Е804НУ346
225,203,Porsche,Macan,2020,7N84D6FL4ROTOXTJV,К563КН646
226,771,Cadillac,XT6,2014,UFFCJO3S7CG7KQFKT,Е248РУ533
227,367,Dodge,Ram,2008,24DFYTKQ4SOFZVHXU,А831ВУ44
228,319,Dodge,Charger,2000,NX9QO752QF9D29LIV,Х275РВ413
229,320,Dodge,Charger,1990,GBIJSSOOPM0HDBTVR,У763МЕ163
230,641,Porsche,Cayenne,1982,5ZVWVOB4LPD3GNX13,У785МВ635
231,869,Hyundai,Elantra,2006,UB0A03V9O1YAKXORR,У293ТТ298
232,345,Skoda,Octavia,2018,ULOKBWQ2LCBJ25JT7,Т753ВХ321
233,488,Porsche,911,1998,3FNOLZAABJ4NQR5ZW,К704АН286
234,236,Kia,Sportage,2016,37ZQCKF7DPTOP1J93,У418ВВ287
235,48,Dodge,Charger,1984,U6C2PU6UA0TDDV081,О310ЕА645
236,669,Ford,Focus,2023,G2EXUL3XKDT3TB0TG,М613МК306
237,854,Lincoln,Corsair,2002,AHOAQ0NHMMXERHC9S,У995ХУ406
238,656,Mercedes-Benz,E-Class,2003,Z6GMR4WL3TRVYTP3Y,М967ОР283
239,160,Porsche,911,2009,YYHGSI885VAYHXHCS,Е792УХ313
240,106,Kia,Sorento,1991,5CJAI958R1UJ980OS,В410ТА682
241,781,Porsche,Panamera,2010,ZETYSPIYZAQQHPCRE,В653РР467
242,237,Ford,F-150,2001,HWPZYDFB0L8DFDOGW,Р722УМ329
243,926,Nissan,X-Trail,1983,00CUJVBCV0X0E4V5D,К771КС365
244,235,Volkswagen,Passat,2004,N52BORLMXLO71QT01,У608УК584
245,970,Audi,A3,1995,IRKVZQC5W4BHZMDQR,Н967МА406
246,899,Lada,2108,2004,YZKA83OWRBY7LZSPK,М752РН560
247,230,Skoda,Superb,1983,L7RV8ZJSGN00END67,С682ХА573
248,456,Toyota,Corolla,2005,7XE4BFSDADR02T8R4,Т606АВ176
249,798,BMW,X5,2021,ESR78Y76LVMF9K8L2,М299АЕ576
250,261,Kia,Sportage,2007,CIAE55JRJ9SL2OLKU,А888КМ439
251,952,Toyota,Corolla,1984,465YLOGW7NBJLZMXJ,К864АН269
252,352,Porsche,Macan,1998,E4HFVIVN3F37ABFMW,С815РВ555
253,720,Audi,A5,1995,AG3QRCKJODGH2L8TV,Х110АР356
254,239,Nissan,Murano,1985,JHXT54L7RZWGYJFCP,У783КВ01
255,645,Ford,Mustang,2024,M05P190APPEJ6N1SK,С311НВ322
256,564,Rolls-Royce,Wraith,2020,YD2YNH53G0MF0TZH9,Н476РА436
257,244,Lada,2111,1998,BN5JHQWFZIS57ABBV,Е547ВО103
258,267,Skoda,Octavia,2008,32GW6Y5REJH637D4U,О571ОХ461
259,439,Volkswagen,Golf,2009,KDZXFYIG0579V8A8Z,А769ЕР490
260,950,Porsche,Macan,2016,2TOURN1E335VELWY3,Н201УН71
261,149,Lincoln,Aviator,2009,0GZBHDBN9DLO5H5GZ,Н783СК431
262,724,Cadillac,ATS,1996,SGIODKWV5GWRW3WSJ,М333КХ201
263,51,Lada,2102,2022,VE0479COUNLV5LG2D,Н806УВ762
264,691,BMW,X5,2005,PIGQYVU7GIND93SI4,О150УЕ126
265,348,Hyundai,Santa Fe,1982,4TJ15RXUAS0TJ8HV2,Р416РУ284
266,157,BMW,M6,1997,1KSYU9OESMESFHLCQ,Н655АМ421
267,982,Nissan,Teana,1982,8FHKXUSYTR9406BIB,А162РН29
268,403,Audi,A3,2003,SQB1W4BIDPDCST8R0,К826РТ34
269,744,Lincoln,Aviator,2001,9SIXVZFATFLAQIN5K,А857УУ453
270,66,Lincoln,MKZ,1994,1A7TB5YS5CLLM8JDF,В765УТ54
271,151,Cadillac,CTS,1998,1IVLBNZPKDYX9P4TM,Р586КО475
272,230,Mercedes-Benz,AMG GT,2024,3DJ5VJUNRS3VW92US,О855ОТ118
273,588,Ford,F-150,2002,YQ26R5DCC5RAIMJZM,О531ВК54
274,404,Lincoln,Corsair,2000,9I947ZW6T4JOVROXW,Н203НТ741
275,926,Hyundai,Solaris,2007,RP3LKVR065XB9BBAB,А909СА530
276,344,Kia,Rio,2000,UABDN4V87PICUU40R,Х477АВ749
277,710,BMW,M3,1984,YXZS3KM46Q2GNN4R7,Е336ХТ31
278,204,Mercedes-Benz,S-Class,1987,UK5NZ7DC0J6C67S89,М672АВ285
279,922,Kia,Sorento,2005,65RLRFJF4BQPGK47R,С658ЕУ105
280,270,Mercedes-Benz,G-Class,2002,41FIT05DNI23QBMWD,А276РТ29
281,540,Cadillac,CTS,2002,Q3D52K6SG2HAGBXIM,Е961ХК518
282,893,Lada,2105,2009,7DMKDWQXUV0RIX0HV,С406ХУ78
283,327,Volkswagen,Golf,2019,WCV9I6WNR0YW8BOM9,Т162МТ526
284,956,Porsche,911,1998,N5BBBYHD4FD50G9N1,Х206РР06
285,262,Rolls-Royce,Cullinan,1999,K0C4B63WJ47N2WVTL,Х239ВМ103
286,799,Toyota,Land Cruiser,1995,6ZAFSU00M0YO93UVL,А880РХ656
287,728,Volkswagen,Polo,2005,6LLMS994JNNNSZV12,О874ЕС433
288,50,Dodge,Charger,2011,1CHAOLIT57J7MFQ37,Т679СУ44
289,809,Lada,2112,1998,IWPRI7JCVDRQSLC2T,Х327РМ648
290,972,Lincoln,MKZ,1988,0F24VWS0HVINO9TZG,М390КУ776
291,346,Volkswagen,Passat,2003,02M5H4RVJDXS2MNSK,Е932СХ251
292,203,BMW,M6,2007,XBYH8GHRI2WL8TXJT,С353ОО699
293,393,Toyota,Corolla,2002,TFCFL21HDN0FK62AR,Х183ЕР558
294,357,Rolls-Royce,Ghost,1990,A49X65J7LTDQ7EZGQ,Т841СО132
295,196,Skoda,Octavia,2007,U7M0Q1GC9EEO4YHG1,А844РК73
296,643,Nissan,X-Trail,1982,3B5MXLIY0VDFYAJ49,А971ТВ136
297,145,Nissan,Murano,1997,EENMF6I9XCG8B1KL0,Т489ТЕ404
298,113,Volkswagen,Passat,1993,ZFPF41EXOIM71SBQV,Х634АУ790
299,206,Nissan,Murano,2011,6I4WAM0YGK3OI2ENI,С700ОО12
300,659,Lada,2108,1993,BDP5BJXE7DVULZKWC,Х569УС29
301,584,Mercedes-Benz,A-Class,2012,JTH20G2GKN2B792PW,Е988РО372
302,309,Porsche,Macan,1981,5LQMJNTZX56AG0SYS,Е283ВА165
303,692,Volkswagen,Polo,1995,89UOHPC81JLREX1HV,О322ОТ155
304,911,Kia,Sorento,2011,HIAYYAOUA3NSH5T8S,Т401УС87
305,487,Lada,2101,2007,KZJS5QKNEQQFMDFSS,Е768УУ566
306,464,Nissan,Teana,1996,9NN4BXJR8LNO1GIBV,Т116КЕ624
307,570,Nissan,Murano,1990,KE7XF1EXY9RSA1KIA,А328УА381
308,918,Dodge,Durango,2002,ZLKMVAJ7EBSA99X4T,К544ОА721
309,404,Mercedes-Benz,GLA,1986,LIF4FS3X1T1SBI8BX,Р627ХМ267
310,828,Ford,Explorer,2024,V9F5H56WII224L4GQ,Е522ВН689
311,761,Mercedes-Benz,S-Class,2004,KZI5OD6TXNMP7MIK4,А507СХ650
312,531,Skoda,Yetti,2003,L4FNX8HJPRUU24M19,Р431СЕ249
313,300,Hyundai,Santa Fe,1993,OV82ODDTIXYJTV9HE,Е543НМ697
314,589,BMW,7 Series,1986,UT93TAVR37MDMWUHB,С595СМ693
315,211,Cadillac,XT6,2024,1CQ1BB9IKOTE3YGPX,У546НВ733
316,941,Hyundai,Elantra,1999,9ERNL5W9LPI0J4SD9,Р955ТХ420
317,464,Ford,Mondeo,2010,OUJGVVA6F2W525BKX,Р604КР531
318,88,Lincoln,Corsair,1992,87Y2FYPNG7FKLRKCT,Т319АА164
319,255,Hyundai,Tucson,2016,W1T5FPLRMDCLL8BU1,У356АР621
320,563,Nissan,Teana,2016,6PKWRHAHANH4I34WI,Т968НР684
321,297,Audi,A7,2000,FQC556T2NQ1NU0H4B,К245УМ541
322,386,Ford,Mustang,1990,V53MN508SOZA0KYHT,В407ВК51
323,880,Dodge,Ram,2003,01EPIE8015V3NA8OM,С593МС249
324,866,BMW,M3,2008,L347UF1ZFZTCOMCGX,Н701ЕМ268
325,406,Toyota,Land Cruiser,1980,Z3S9QKGAA47U0SVOG,Р397ЕХ659
326,494,Kia,Rio,2020,ZZIOUGZLMF17BAXCJ,Е541ВН119
327,593,Ford,Focus,1987,FR2MM18PQOR209FMI,М743ХТ325
328,534,Lincoln,Navigator,2021,J9Q85UM2Z9KE8EDQY,В271АТ405
329,758,Nissan,X-Trail,2016,UFOLJC8J5478QCV4P,В160ЕТ54
330,169,Mercedes-Benz,E-Class,2009,VYXXYM0J9MMR2ULNP,У336ЕХ757
331,467,Lada,2101,1998,OW8SPNANO0HGIS28B,Н170ОУ555
332,870,Cadillac,XT6,2020,KZV76VI53QOTRZL0O,К936МТ220
333,247,Cadillac,Escalade,1993,WDS3BHAMEAI7DD1KD,Т828ХК513
334,622,Dodge,Journey,2013,O34JEOHTIX2NHJ9ER,Е746МА653
335,666,Rolls-Royce,Wraith,2005,WHUBD7XDHBIVH96WC,К920УЕ653
336,83,Hyundai,Solaris,1981,Y7QEIGXGKF5HCF4OG,Н308ОМ195
337,966,Volkswagen,Passat,2006,SLWSWLQF1VA0GE721,Р848МЕ673
338,770,Cadillac,CTS,1984,O5T4XORJ37J4JTGLT,О207ОК581
339,968,Rolls-Royce,Phantom,2019,GHZROO0O10L8B3RU0,К717ЕВ206
340,698,Cadillac,ATS,2007,5CB851YXMCTYFTFRX,К725ОН640
341,537,Lincoln,Corsair,2008,H32YWWAZKFXFVQL18,Х542СА302
342,610,BMW,M3,1984,SUYVS13VV5CW906QU,Т976ХВ593
343,272,Kia,Sorento,2005,FSWS4EPBBA79TF1UZ,В402ВУ659
344,641,Audi,A5,1993,LMJY9ISNLQQ4P4NVX,У124РВ200
345,383,Ford,F-150,2014,7MP9GX4DRWBSF8QMU,Н472ХУ247
346,811,Mercedes-Benz,GLA,1991,NXKPTTHYAW91ZFPVN,Р534РК201
347,852,Skoda,Superb,2009,6VVP8UBNL1GW3E3SK,Н281УУ486
348,766,Audi,RS6,1996,FBX3HK2S2QSWSUSEC,Р264УЕ187
349,20,Lada,2107,2006,UCZI7PX59L4B0JDZD,А909ТР208
350,100,Lincoln,Navigator,2010,I6OFUY6T355TIKRFV,Х745ОМ499
351,606,BMW,M3,2002,49DE3CP4EO3VO9A5I,Т120ЕВ459
352,701,Porsche,911,1990,N14I8IDOP9BDRUUMG,Р471ТО138
353,992,Kia,Sportage,2022,3ZDD41MVYN1Q0EBT9,М869ВТ434
354,550,Dodge,Journey,2016,C4FPIH3HUJ3DO4AC8,М907НУ483
355,862,Ford,Explorer,1987,11HL3661U7J56LUWM,Е872МА537
356,529,Lada,Niva,2023,V9LT2DTH578NT7YQB,М654КХ212
357,247,Ford,F-150,1993,V33SDDKEW0Q0HP1AH,В337УМ103
358,596,Audi,RS7,2019,6LWPAXHCA8Q2M24ZI,О651ВН64
359,892,BMW,M8,1986,ED5VSZ0K4OHIDK42S,О421ЕХ445
360,615,Hyundai,Santa Fe,1988,XPIOPWQ5ZJJO0IWVL,Х370ЕН365
361,658,Rolls-Royce,Ghost,2022,87FYT26CK10WXLXYQ,С337МВ403
362,377,Cadillac,XT5,2023,NPHUC45K44TTQQ9L4,Р499ХУ411
363,443,Hyundai,Elantra,2021,0MV9PKFXHBY3Z17YP,М720УВ107
364,484,Toyota,Corolla,1982,JHW8GXBE1ZS1BLPVF,Е263ВК79
365,689,Cadillac,ATS,2012,0B4FKOVEGSQL0NI0J,Н486ЕВ125
366,431,Audi,A3,1986,A47NZ1A6B0WE2N2MI,У174МА643
367,805,Cadillac,XT6,1994,INOJJMPX2ICZCU1JL,К534УО736
368,78,Dodge,Ram,1991,BNI8CFMH0COBPIVKZ,В898ВК319
369,233,Skoda,Octavia,1985,P05UL3XI9DTE197D3,К441СР594
370,134,Rolls-Royce,Phantom,2021,P3W6Q6UY3MXTWZD4H,О526ВО08
371,311,Audi,A5,1987,BJMQ5L3UZR1KTI4K1,Р984ОХ502
372,221,Kia,Rio,2004,9CSRLQQ7K5C703BZ8,В919АО656
373,293,Mercedes-Benz,S-Class,2022,CUVCHUW99R3ZMQIF5,Н495ЕА612
374,91,Kia,Sportage,2007,GR2TAXFZALDRT3L7H,У876НМ495
375,227,Lada,2109,1980,Z4Y8GH8CWGLNUB3AL,В280ЕВ85
376,626,Rolls-Royce,Wraith,2001,IZC89JXPY118R6X5R,Т193ВА442
377,811,Volkswagen,Golf,2018,VELEQ7NY8FU8SLK4U,М965ЕХ79
378,780,Dodge,Charger,2007,HUAK34FSJJCO0OPOT,Н812ХТ18
379,494,Ford,Explorer,2015,YMM8CX860CS6GYOOL,О872ТР121
380,527,Dodge,Journey,1986,XQYNXLDR3DW07XX4R,Н656ЕУ254
381,629,Ford,Mustang,2006,A6B8JX65CB3J2G5OD,С885АТ16
382,483,Lada,Vesta,1998,LWIBOTUNJAKSGOHLU,Т855АС632
383,567,BMW,M7,2016,IYQTHRJH0EUF3ZKLG,У693НХ351
384,814,Mercedes-Benz,A-Class,1981,L490PYB8LE81WFS41,С194ЕВ475
385,717,Porsche,Cayenne,1980,2VOZLDRW9O4GF8TRZ,С764АР577
386,281,Mercedes-Benz,AMG GT,1981,1KV0S45LCPL0V1ZKP,Т748УН89
387,3,Toyota,Corolla,2009,GCJMVSI4ZG6BSW0FB,Т367АТ732
388,377,Porsche,Cayenne,2017,FX11HHINQTVXDGJH3,С374НВ211
389,100,Nissan,X-Trail,2014,4IBNULK042FL7OKA2,В145ХО134
390,813,Lincoln,Continental,2000,SGCTXN4CLWJLP9XI8,С144ММ416
391,340,Porsche,Panamera,1987,9A03QFLHVJYKCP1TV,О385АК479
392,897,Porsche,Panamera,2018,JJKFAPCC88SKBOBYX,О651ЕМ553
393,443,Lincoln,Aviator,1992,HQP7TIKFY9V4QFDIW,С633СТ32
394,435,Nissan,Teana,1986,QMON1AZ2EQ2BACVP9,С803ВЕ619
395,723,Mercedes-Benz,GLC,2006,ZXI6GG9SJK25PZLSI,О805МТ405
396,907,Volkswagen,Passat,2003,HHTVPB0HV1AZF7J6K,Е442УЕ521
397,741,Toyota,Land Cruiser,2018,IEPIFYT7BAZZGRMLD,Е961ВР17
398,426,Nissan,Murano,1982,V4XL8V6VN12AD5FSN,Т228УН270
399,71,Porsche,Cayenne,1981,AHPC0I7SBCBLZBT4E,Т439ЕУ791
400,576,Skoda,Superb,2011,GARAMLZ2LZ65ZZL12,Р604НК169
401,299,Lincoln,Corsair,1993,7OCMM0TR64R2BND3I,Р740АЕ619
402,455,Skoda,Yetti,1980,P3NJ152K40IG8C4L2,Х558КУ296
403,979,Mercedes-Benz,E-Class,1980,K5GHHT3CXGQLIX9XE,К995МО667
404,557,Mercedes-Benz,S-Class,2008,99I8VXR43HDU7TYUW,Р402ТУ560
405,721,Cadillac,XT5,2010,RWXA3K0U1X5ZT3BFF,С702СК387
406,588,Dodge,Challenger,1992,EXJ9LEY9N7L9IO2C1,С976РХ600
407,586,Mercedes-Benz,G-Class,2014,TBG9XFJUVOJC9VUHF,Р789ВН147
408,193,Audi,A5,1998,8BMTQE8RQJ31YMY7S,Т838ЕО191
409,551,Toyota,Corolla,2002,2LZVS5V8FQRJ885F7,С864СТ78
410,919,Audi,Q3,1991,I61WYK25VCFND69RV,Т262ТК82
411,535,Ford,Mustang,1994,RJ12DORSZP3WJ25D6,Р618КЕ10
412,405,Audi,Q5,1990,N7B9MIUMBO8UBDZPR,Р360РН33
413,782,Rolls-Royce,Phantom,2001,H8QI5YJ68YE9W4183,Т440ЕК473
414,713,Skoda,Octavia,2011,KYMELTTK9NQ25MQ2L,С605ЕА297
415,738,Volkswagen,Passat,2011,GA9KG5VHBHICK5CX2,О279СУ22
416,556,Rolls-Royce,Cullinan,2024,TBNL098KCFRWBURVR,С704КТ184
417,440,Kia,Rio,1992,SJYFEB8DPI7OMPMAE,М637МЕ369
418,885,Cadillac,XT5,2016,LVOP8ID205T8DKTKL,О238ТМ675
419,525,Audi,A8,1990,4JV7GCE6NM2WZE7TI,Е926НУ711
420,597,Ford,Explorer,1993,6PU729WMGQ9PRY7QW,Х291КМ108
421,526,Nissan,X-Trail,2003,EVRB01PQC6WIO5QEK,Х833АК577
422,605,Cadillac,XT5,2012,5M9PNLLQB1AUA4QXF,В360ЕС369
423,475,Hyundai,Elantra,2002,AN2MMF8W876MXD6AP,А574РМ775
424,535,BMW,X6,2014,7JJ55Z1CBBEOBIT57,Н202МТ484
425,612,Lada,2114,2011,6K8EBSBRUQCZ3B82V,А679СО138
426,693,Toyota,Land Cruiser,1998,EYXPBDPIJONQY7IL3,Х835КУ385
427,232,Toyota,Land Cruiser,2000,TA4MZJOP9AJ82P5N0,Р708ВС474
428,358,Porsche,911,2010,FX0A6NMIS048UD2OJ,О338СС759
429,184,Lincoln,Continental,2003,80ZGE558TXFPW0SZ7,Е673АХ245
430,540,Toyota,Land Cruiser,1992,W9IIKIREYN4DS2471,Н396ХС530
431,17,Lincoln,MKZ,2002,GUMT7LFQS5CWCCSZA,Н691УВ449
432,704,Dodge,Ram,2012,PTK3Z7OWMUB50FQ9U,У789СТ36
433,651,Ford,Mustang,1982,LNTCIG022LE9HA8YQ,М482ЕЕ155
434,195,Porsche,Panamera,1983,U532MZ3GQPE5VUFY7,Н598НА465
435,342,Rolls-Royce,Ghost,1983,8RHERYDQMDEJ03AYB,О367СС237
436,451,Ford,F-150,1993,2HURMR90M0A65NQLT,Р255МУ545
437,5,Audi,Q1,2021,CURLJAV7I1GVZK53T,У340НК215
438,114,Toyota,Camry,1997,X1CI4LLA7U9I2YBKW,А961СН743
439,938,Porsche,911,2011,5FBO9PUIELRF5M0BP,Т386РХ148
440,700,Volkswagen,Tiguan,1980,ETRC0Z7XK9AF4T48V,Т393УТ469
441,40,Dodge,Charger,2014,2EJEKYOA8A0E5USN7,Т585АК634
442,160,Cadillac,XT5,2022,PW6WRZ6ZIYA9KKXSC,С303РС112
443,782,Lada,2104,2010,ZHYJMATTLQU06LWYC,Х207ТЕ31
444,989,Nissan,Teana,1986,F1RZ00UCAHFW0GEQ8,В598КЕ462
445,154,Dodge,Charger,2019,HYWQKP2GU4YFZWHNY,Р400НС188
446,628,Toyota,Land Cruiser,2022,K709ENV97QA2V3HAK,У528ХТ718
447,65,Skoda,Kodiaq,1993,S0ARMYAVG0N7XY8KV,Е261КА198
448,12,BMW,M8,1980,F247NYSC0SD24YUYW,Х761МХ164
449,872,Nissan,Teana,2009,2XXJU11AFZQNSRWWB,Н670АЕ702
450,328,Cadillac,XT5,1980,956FSJ08RGJDJ8Y5U,М173МЕ301
451,213,Porsche,911,1996,SJK9LG5AHI24Y8DW9,М580ХН317
452,636,Volkswagen,Golf,1994,N6WUUNUEAZKCJDC9J,Т974НЕ69
453,725,Volkswagen,Passat,2020,QPB4X2TQQDFJLDFXZ,Р275МН731
454,290,Lada,2107,2004,QNA8DS31DHYJ4DTTV,Р467АТ511
455,830,Toyota,Corolla,2024,OYV9UETI2HF7VOS20,Е161РТ53
456,978,Toyota,Land Cruiser,1987,FXCVPOGNTLFPR57HX,С353НН415
457,268,Cadillac,XT6,1988,U8UFQT61CWQ8VKPIR,Т654ВР563
458,954,Toyota,Camry,2004,ZPP3H5MM5AV61E50J,О450МА145
459,100,Dodge,Charger,2010,RG74CFWKRE9RAEEYQ,М752УН555
460,735,Cadillac,Escalade,2011,SSWU0YS7RS1PQRGGL,Т548УР704
461,806,Nissan,X-Trail,2011,EF519RUIVW4149X22,Н679ЕТ693
462,177,Kia,Ceed,1993,DTVETNQ9HCX2AAR0X,Н111ЕН752
463,23,Volkswagen,Polo,2021,6T0PH8LPQGRQAJZ9C,В792СС149
464,242,Ford,F-150,1987,7NB8OAO1Q5MTN0BHB,Р510РН13
465,32,Lincoln,Aviator,1994,YTFGQ6WDBFNN9KYW6,Н852СТ309
466,970,Volkswagen,Polo,1994,GQ693HB04CY46UDMY,Х834ХР396
467,646,Cadillac,CTS,2002,J6SY1RXUN0YL01WXH,В712КН709
468,141,Rolls-Royce,Ghost,1988,I9KI7ZG7B9P9PB2B8,В168ОТ716
469,592,Toyota,Corolla,2023,KQ598H4YKDCU53LRC,В232НО562
470,635,Audi,A3,1997,D97PRW9KOG6SP6X8R,А997АМ698
471,664,Lada,2115,1998,59YIWJHWCQXBI416J,Х578ТР138
472,419,Hyundai,Tucson,1988,E0Q72O9F00VGO4S97,Т532ММ276
473,374,Hyundai,Solaris,2002,ZYE8KG2GOUP3PVEHJ,М226КА111
474,727,Nissan,Teana,1990,MNNPVUTVC9EO1RQJX,У824СН693
475,108,Lincoln,Navigator,1981,JSRS4AVH88K9GZMBJ,Н594ХВ528
476,306,Skoda,Karoq,2014,IMK5YA398AGEHLDBA,К728ОХ299
477,134,Kia,Rio,2003,PZXACN9J39RRCH4S1,В305ТН165
478,332,Lincoln,Aviator,1987,UGSWXTMNZ4OZY8CYK,Е121ОК622
479,623,Skoda,Yetti,1982,053KRXJJCRQ2E2SDM,К661ОМ771
480,423,Audi,RS8,1983,FMJ46M4IW7MWU9BCL,А182РУ436
481,955,Nissan,Qashqai,1982,CBRJ54OMT3IWXFI6Q,Х565ЕА279
482,856,Audi,RS3,1998,FGTY8S7JK2UVE4YP2,М602ОА371
483,613,Dodge,Charger,2024,UYGD7QC3ZT4VLV90M,Н739КН454
484,464,Skoda,Superb,2004,LQB2B07S50H3I5ZCA,Р937ВМ90
485,57,BMW,M8,1988,J7M83YXJZ2ECVZCXL,Е309УС474
486,738,Kia,Ceed,2012,H6D74LQCQAYY3JC6J,А562ТЕ679
487,577,Kia,Sportage,2000,46V2VGY8RUNP8YH9G,М143СО410
488,114,Porsche,Panamera,2013,TTWWYNMQS831TXECW,Е606СА556
489,979,Cadillac,XT5,2020,X7IBME3SFKQ25AV3Z,К728РВ593
490,486,Skoda,Kodiaq,2013,AI8CVFP14ZKEGHY0W,Р231РМ172
491,7,Mercedes-Benz,GLE,2007,DX52FTN4D7ALCZCYF,К846РВ548
492,194,BMW,M7,2003,2OSD0K2XWN8ZN4X1T,Е402КХ704
493,100,Rolls-Royce,Ghost,2024,A7PW185VKACBUE124,С853МЕ743
494,515,Dodge,Challenger,2013,89XP03RPECE6ECOG4,Е661УН485
495,78,BMW,M6,2012,61NA1ZNTN7C28N1OD,С892АМ18
496,750,Dodge,Ram,1980,9L0DBOSR5L0MY4JQ4,М995РЕ182
497,74,Dodge,Challenger,2013,265DHJT8D8RL2YOCA,К521ЕХ203
498,676,BMW,5 Series,2012,2KJ41MUD96FJE28WN,Т710АХ150
499,37,Cadillac,XT5,1994,VHM2WVGWFKRRFPT8P,А456ХН643
500,191,Hyundai,Elantra,2001,52T8NZ1AJ06GDTYQ0,Е283РУ517
501,167,Dodge,Charger,1999,YGT9HROMIMPU2D4V8,А931ВУ705
502,528,Hyundai,Santa Fe,2023,ONOJU82XRY8C5RQQB,С344ЕН749
503,510,BMW,7 Series,1994,ZCIKBSNUILXTMF9P1,М426КУ486
504,417,Dodge,Ram,2019,56TZ05WVYNRFEAI4W,Х602ОТ486
505,931,Kia,Sportage,1995,E1TL9SDES0Q8CTL5Q,О302НУ113
506,431,Toyota,Corolla,2012,E68M126AHSG7FYRD1,Т538СН211
507,224,Porsche,Cayenne,2023,WXY21Q77J3G6OCA8T,Т893УР126
508,762,Lada,2115,1990,WYKBP2AB2BALDO3NP,К941ЕЕ100
509,828,Toyota,Camry,2006,FO96EGM82UH0EX2JC,Т442МС612
510,409,Ford,Mustang,2002,6SNGJL52T9C0FTQ9D,А484ТХ780
511,121,Rolls-Royce,Wraith,2017,QHXA9W2KV0M3110ZN,А975ТС227
512,848,Dodge,Challenger,2014,6OD0W4TJ2QS8WPNRR,К924ВО513
513,64,Lincoln,Navigator,2022,MZP5A6MBRSORR54N8,У284КО259
514,736,Toyota,Land Cruiser,2016,P6PLH3HVC5J4UCYUF,С124МЕ123
515,917,BMW,M5,1996,01LKMX85N0RRMINKC,А486ТК25
516,771,Hyundai,Tucson,2022,5AQM5NW3Z8KW0K43B,О502НХ495
517,861,BMW,X6,2021,QSPWBZAGV52E4NVRK,А622ХА321
518,333,Hyundai,Tucson,2023,93ELNKD9M251ND0GO,О231МЕ109
519,865,Porsche,911,2014,P05K4NYF6Z34V6I1K,О290СН80
520,464,Ford,Mondeo,2023,W62YW09UEF3E42UF3,В594КС587
521,551,Toyota,Camry,2000,59QBW2G50FKMGZTC4,М817АВ209
522,561,Volkswagen,Tiguan,2013,ORBT87IXFKHWSZRH2,А612СС327
523,237,BMW,M4,2020,6TJ7VREYNTNV9MF3M,С492ЕК515
524,365,Rolls-Royce,Wraith,2023,NVH9Z9TIMDA8OTL70,К835НС271
525,627,Audi,A7,1983,8YO7UBM5EUHDR6HKV,Н764ТН167
526,489,BMW,M8,1989,ILO5QZ3C9GAR7DHU4,В503АТ795
527,120,Skoda,Octavia,1997,YX8RNWN057R7H0DWE,А476ТТ101
528,958,Audi,Q2,2020,897BPDNDZAOL31OSB,Т854СВ321
529,216,Porsche,Macan,1990,25AANAYY8MWOBRMJ0,Н819ЕВ329
530,376,Cadillac,CTS,2007,6O0N4XI8D282SJL81,Е820КН126
531,124,Volkswagen,Polo,1998,BFDMKVJEQSDXJXUMO,С301УВ369
532,205,Porsche,911,2014,AIMOHHH75KUH37DJT,Р188ХО599
533,467,Dodge,Charger,1991,BCNJSAHXNA1C9960I,Т951МК106
534,207,Volkswagen,Golf,2022,81FBD9YTAZN0CVV0B,Н125ВА443
535,733,Lada,2106,1994,XPGYQOA2N4R9UPDYD,К576СВ789
536,790,Dodge,Journey,1980,H64RP1RCBNK73CFG8,Н220ВА107
537,281,Volkswagen,Polo,2012,ZVWA1X8MO637TURLB,Х922ЕВ550
538,536,Lincoln,Continental,1991,I2PR0DFCURGUW7Y3Q,Р397ХА632
539,878,Skoda,Octavia,2022,O7WNQFDWJXIFYFSX1,Е255УС43
540,872,Mercedes-Benz,AMG GT,2001,APPEA0HUAEQZMB9K4,Р313МО21
541,471,Lincoln,Continental,2018,8AIB92SVXQ6RUXZ64,А166ЕА148
542,591,Nissan,Qashqai,1999,U7SVDXMC4LA58GFRZ,Т680АВ695
543,579,Hyundai,Tucson,1990,491JECYBB9ABA6OOO,У167ОР27
544,387,Hyundai,Elantra,1980,209DJKK15ATTA7QAX,О383ЕМ216
545,768,Skoda,Yetti,2019,OPTR6V8W4LSB117V0,А607КУ674
546,617,Hyundai,Tucson,2002,V1V6I5C8610JR7D7P,В110АН26
547,636,Ford,F-150,1985,BZ5TI3LGMK2KZWTBN,О216МВ278
548,570,Audi,Q1,2021,W4YRHAN9FUCF2RK8S,У527ТТ286
549,398,Cadillac,CTS,1989,HF15NWKQIH9UZFERG,М400КР498
550,475,Lada,2109,1992,LJ00I9GEIUZESSZ8J,Р858ВХ191
551,790,Skoda,Kodiaq,2022,5N5VBM8WGMZQVL6Y3,Р839ОМ103
552,49,Cadillac,Escalade,2018,A7EYQ9462G6NHSSQX,А232НО44
553,108,Volkswagen,Tiguan,1983,CFBGXA3W7E6CSQW6X,А402СТ298
554,153,Porsche,Macan,2013,42M872OBNCPMY7LT6,К467НВ186
555,781,Cadillac,ATS,1991,IUDAE7HNHEFFTDXWH,О535РУ551
556,530,Skoda,Superb,2003,KPRI7S4ETX49N2O02,У147КН95
557,725,Kia,Sorento,1989,YBDHWS7YQFEASWSWY,В845РС63
558,964,Cadillac,CTS,1982,SLYCMTLC5B1SP9M25,В178ХО541
559,841,Volkswagen,Tiguan,2010,EGGC02FAEYX5QUYRY,В775ВК255
560,510,BMW,3 Series,2011,WNC0KD7CQ3G98X610,Т593ЕВ491
561,743,Skoda,Octavia,1988,QMJD57RVMHNA0PACH,С402ВЕ112
562,813,Hyundai,Elantra,1998,0LL56ZXB2DF2G8KIS,В661УА36
563,635,Ford,Focus,2012,N8MGMZ5WIEJRYROEG,К658ХК576
564,875,Audi,RS7,1998,DYK3VEMYFNMF92M7B,Т845МН402
565,938,Porsche,Cayenne,1990,J1YMCFYQJGU6UE49E,Т920СС512
566,726,Volkswagen,Tiguan,1980,E9A6RWC4SSOBUJWD0,К683ОЕ96
567,951,Cadillac,CTS,2009,6XE0PL4A7VIU0DHKX,В627СТ423
568,6,Ford,F-150,1997,B8NP0XP07QL8D1OJ7,У397ТН136
569,24,Hyundai,Tucson,1981,R7OHYAQ2AXUP4U3F4,Х874КС21
570,852,Audi,RS8,1980,8M9H28ZJZ1YAQ28WL,Х716ОС636
571,924,Rolls-Royce,Phantom,2001,S85FZHBG5F38LBLVR,С102МХ446
572,888,Porsche,Cayenne,1983,4TSCANKT143BI4VWM,В873ЕА548
573,579,Skoda,Yetti,1989,XUVBVF39F8FLZD1GT,Е528ОТ297
574,190,Rolls-Royce,Ghost,2014,DSSJIBA6JV52ZLK77,Х495МВ787
575,290,Rolls-Royce,Phantom,2013,NOQRY0K95TZI677P2,О737РЕ450
576,702,Lada,2104,2014,7SBNKLZEPMS4EPIXD,Х738МВ442
577,279,Dodge,Challenger,2012,KXBYEKRTJDHMXB7HX,Е938АМ196
578,164,Mercedes-Benz,S-Class,1990,5ZBDZVGCDX0T2DALN,А717ОМ369
579,646,Mercedes-Benz,G-Class,1996,VXKOV4KEPY3RH4TSQ,У107КР274
580,864,Volkswagen,Passat,2003,TUNSWE70VHF4ZCPN7,М541ОС201
581,104,Nissan,X-Trail,2019,MFPA64R0QEP3BZLE6,У327КХ635
582,782,Volkswagen,Tiguan,2018,511HSTUBRHZZYRI2P,Р958КВ348
583,758,Volkswagen,Passat,2016,HKM2T0UX9P0QKTAX8,Е384ВТ451
584,256,Lada,2114,1985,6DEFJ45RK7V8B81GU,Н794УК552
585,560,Lincoln,Corsair,2017,W14X8PRW507FBIVRE,Н470АМ470
586,734,Porsche,Cayenne,1999,9NFR7KCYIX3FD9OZ3,У979ЕТ174
587,491,Nissan,Qashqai,1992,6UJENFIAPHNXW0HH0,Е156КВ267
588,265,Kia,Sorento,2005,Q7A6S4ZHOXMRVC40Y,Х902ХЕ25
589,299,Rolls-Royce,Wraith,1986,KKBJRW0MXRDJCZVLJ,О182СС335
590,657,BMW,5 Series,1980,R4Y16K42J7OA70EW8,К677ХТ104
591,426,Skoda,Octavia,1998,RPONN1Z4JCOLHUUKT,В908МК682
592,904,Audi,A3,1997,45L3M197KH6LI4WOP,Р891МЕ332
593,716,Lincoln,Corsair,1997,YZ7FUA21WFTISTG79,М387СХ389
594,52,Lincoln,Corsair,2015,18HSVYBQEYGG3VYMO,Н809ММ382
595,620,Audi,RS6,2006,784O20YBOCQKABJWL,Т761ЕТ359
596,305,Nissan,X-Trail,1988,7KCSU57Q2XDZFWQCW,С723СН211
597,467,Lada,2106,2009,TE06PZXB1J5KIKIEO,С937КЕ458
598,151,Dodge,Ram,2024,ICHXJBHVPAQZ71SPI,Р888УС672
599,437,Kia,Rio,1981,CX7ADSZOC7OA4U2EY,М180ЕУ495
600,973,Audi,Q7,1982,2U1HC8H6HBIEGZR8O,С966ВА725
601,650,Lada,2110,1991,O6A6AIRGQUJOFXTY0,О297АН199
602,865,Hyundai,Solaris,2008,ED7LZ55N8R2YSTH2C,Х396МХ754
603,77,Porsche,Panamera,2021,86JBM6KL8T7RGL8VQ,В774МА115
604,536,Volkswagen,Passat,1996,TAR492WIEVWADPRO8,Т799ТУ601
605,615,Skoda,Karoq,1983,3KH5T5KGLYW2UDAKE,Т526АВ513
606,416,Ford,Explorer,2022,RPGN3OXN36NQG15O4,С673МО580
607,241,Audi,A6,2020,HZY7ZP8FUC0KLRK48,Т563ХК224
608,374,Nissan,Murano,1997,UP8E6OJD2H5X7HDWD,С637УО171
609,585,BMW,M8,2011,OU4I1UMWQ4CRWQ1RE,У352ВЕ351
610,413,Audi,A8,1983,WKXLL11C09CGI3305,К580УР660
611,830,Rolls-Royce,Cullinan,1990,UZTRC0O0J03L54FWN,К356АЕ289
612,833,Nissan,Murano,2017,ZEUNY8Q925OK67HL0,Е635СЕ471
613,758,Volkswagen,Passat,2014,F6FFSB1YBLSU477GP,Т521ХУ380
614,461,Audi,RS7,2005,Z3TZYJJB6357QRMY3,К603АЕ608
615,602,Cadillac,CTS,1994,T3D1CDEVWVXS049AV,В711КК296
616,340,Nissan,Murano,1990,511N22WBBPWPFZ8V6,Н249ВМ270
617,853,Dodge,Ram,2015,JIOZ4H1CWYESO6810,М530ТУ647
618,182,Lincoln,Aviator,2012,7WH1JF06XOAPJGDY4,В249НМ44
619,803,Cadillac,XT5,2010,J35ROTVLCVWKM4G7G,В912ЕК565
620,80,BMW,3 Series,1980,A15JRBL0DHZOAUJU8,М207УВ121
621,393,Hyundai,Santa Fe,2024,KN5LRZ5F3P7163L3D,К153КА65
622,466,Dodge,Charger,2008,S85LL1KL5TG3AAVMU,М886ОН442
623,970,Dodge,Ram,1997,4CSJB896A6N2BT25M,Е906АЕ114
624,705,Dodge,Challenger,2001,A0106J0XD1YOGO14F,Е737КР551
625,446,Porsche,Cayenne,1994,AKR0TX9JJ690XDDQM,У905УН441
626,65,Volkswagen,Golf,2021,CDI70SJ7RFGAA380I,Е984КМ272
627,576,Mercedes-Benz,C-Class,2009,OMA8N1ETP2928RS0L,Х880ТЕ441
628,541,Mercedes-Benz,A-Class,2003,Z2C65831WIQR6BLDG,Х676МВ154
629,973,Ford,Mustang,2021,0OL7GAHZPVL3L1YEQ,Т720НТ498
630,761,Nissan,Qashqai,2011,GB7PTE0EQIQ8Q1MLW,А401КУ235
631,123,Audi,A1,2000,7F8WNOPRC3UWZGCE8,В908ХТ612
632,595,BMW,7 Series,1987,DLYJY6YNF9TP09LMC,В742ОЕ509
633,387,Toyota,Land Cruiser,1980,EEXU82JPL3YT2WWAD,О330УА82
634,983,BMW,M8,1990,Z6CCG5OXVZ0OV5L1C,Н624МС676
635,78,Hyundai,Elantra,2000,9RXQ83XRB93NQ9NZV,В631ТУ551
636,859,Lada,2114,2011,2LGKT695ZR14ZT6V3,А940СК504
637,219,Kia,Ceed,1994,J0P5T79PRYAJBQROB,О126ОС145
638,462,Mercedes-Benz,C-Class,1990,SP0A68EBFTND5N2UR,Н647ТР442
639,157,Lincoln,Corsair,1982,GMBRIGK08JMRE72EB,Н902СР509
640,461,Audi,RS6,2020,GV0RP690ZYO4R8ZR9,Е710ОХ579
641,587,Nissan,X-Trail,2005,1Y1OOI9HRDVHYJY8Q,Е573ТТ390
642,622,Nissan,Teana,1981,9E5OPYARZYMSJLADX,О701ХМ244
643,485,Volkswagen,Passat,2017,209Y0OLWPSU26DX0F,Н251НЕ169
644,435,Toyota,Land Cruiser,1983,JZ0RJA3HJRWF7L1QC,Х470РС450
645,308,Porsche,Cayenne,1997,LL21OOVA9I8N9JUFI,Р160СР537
646,711,Hyundai,Solaris,1990,HRZBZ9I1OTVK5BND6,Х348СХ94
647,12,Mercedes-Benz,GLC,2019,C62LW8FMX7S5NXZXM,Т371РР246
648,419,Rolls-Royce,Wraith,2018,VYOBUXGSLO8R6K9YT,Е578АВ521
649,171,Hyundai,Santa Fe,2024,2DI99TTGI7H5ON8B9,С272МУ663
650,666,Volkswagen,Golf,2018,TNAXKTXGKCUF9XE3Q,У921УН438
651,244,Mercedes-Benz,E-Class,2012,W2977BH54OOQWXSOB,Р532ТУ656
652,702,BMW,M8,2004,1UIAQP8RD786FUPFN,Р431РА103
653,758,Lincoln,Corsair,1988,YYB73VK81Z3FKFI05,Н686ТК778
654,143,Ford,Mondeo,1983,74H4VXFCHDY5H5N99,У146НР486
655,475,Porsche,Macan,2014,THAZSO17WDI67OLNV,Н467ЕС124
656,430,Hyundai,Tucson,1986,T46RNP4QO0OJ4N2TU,Т235ЕК482
657,81,Cadillac,ATS,1988,29G3L5JTOYW5ZWQLZ,Е739ТМ324
658,825,Toyota,Corolla,1984,SUJBQV0R4GMPKJUUF,М990ТР688
659,329,Kia,Sportage,2008,W235X07M24U49FBK6,У606МК361
660,230,Cadillac,Escalade,1986,5PBCTW9WAI9D33TOW,Р901СО407
661,881,Mercedes-Benz,GLE,1980,RIEH13PR2VFRDBAZD,Т417МУ350
662,593,Toyota,Camry,2000,6A7UPJ1492HWU8ZPM,В733ХМ172
663,854,Lincoln,MKZ,2012,1V79ORZSNSERX02U6,Т112ЕО171
664,909,Audi,A5,1993,BUOD5JBCYZISF35CM,Н955НМ629
665,651,Lincoln,Continental,2014,YZ9J4E050LPEEZRO1,Х561РА254
666,441,Hyundai,Tucson,2018,C9P2HEZV3A775FN1D,К349ОТ693
667,109,Volkswagen,Polo,2022,ZWUHILBORN3EB9BF1,О117ХК325
668,8,Mercedes-Benz,C-Class,1992,ZOLH1UG74AJCX8WPA,У553УА270
669,50,Audi,RS4,2003,OU1ED91AM7DF8510Y,А483НЕ136
670,632,Skoda,Yetti,1987,KV49EPIMWRONUXMXI,Т457МК668
671,642,Kia,Rio,2018,ROADQT1GHV1MQ4VYN,С569РС665
672,776,Toyota,Camry,2022,J44OALS3DFNPMOI0A,М627ЕХ126
673,58,Cadillac,CTS,1989,553I6GWOD4BJB8DUB,Т937ХУ386
674,165,Toyota,Corolla,1997,ZHTKWJU5A7Q1SPSWF,М521ЕК66
675,410,Porsche,911,1999,EMSRYMV97VS4VB8ZC,Х882АН525
676,585,Kia,Ceed,1989,RZOR1DTSZUISE5IHL,К174ХК496
677,28,Porsche,Cayenne,2002,303CWAESVKC6KRICC,Х662КО659
678,893,Toyota,Corolla,2012,AE5LX3ZPFA2IZLH0D,А975ОУ683
679,345,Toyota,Land Cruiser,2003,WKNEDO7VU4TFIOSF3,К188НС684
680,605,Cadillac,XT6,1999,0OX4SM59G7WXGJOGF,М262АО76
681,795,Skoda,Octavia,2003,X0F5XDYLUK92HOTM0,О250МР514
682,212,Toyota,Land Cruiser,1987,SL5KNR63VZOMCAPAA,О989ТМ719
683,213,Mercedes-Benz,GLE,2006,0BXAZ29VC07A0FJ3K,В175АВ397
684,605,Mercedes-Benz,A-Class,2014,88PY0LLV8835IC969,Е924УК300
685,829,Kia,Rio,2016,PWCVZ9038L779I4R4,В559ВУ498
686,112,Ford,F-150,2020,Y7Q9RWPHYGBP3EFC8,С878МЕ375
687,896,Toyota,Corolla,2019,JTP5N8RIRCG63A0OX,В496НХ610
688,698,Porsche,Cayenne,2005,56927R9B2A7Q18AFY,В495АЕ158
689,576,Hyundai,Tucson,1989,0UFKXYQD56GE3IWKN,У962КЕ381
690,952,Hyundai,Santa Fe,2004,X6TTGIBJDWO6T6D5Y,В256УХ781
691,562,Dodge,Journey,2006,VUKZ49TYQEKP8W57V,Н341УА04
692,811,Skoda,Yetti,2012,GFSWD8TCVEX1A6QWN,О377ТС703
693,415,Skoda,Superb,2024,G5WMO1T9UHB1XEXX5,В975АХ164
694,602,Toyota,Corolla,2001,MBGDT73OBJR331QN9,В570ТМ302
695,182,Hyundai,Santa Fe,2003,JWTSQ4JE6N0RQKPH2,А456РН526
696,185,Lincoln,MKZ,1990,HUK9R35SFI94N2T7Y,М537ЕК471
697,464,Mercedes-Benz,G-Class,1981,2THFL9QFD5M1M8R7O,С506КМ22
698,968,Lincoln,Navigator,2002,6MJ9E78OYM7DNHNBQ,Р235СВ96
699,61,Nissan,Teana,1980,1KXXZOMGMTQ620II3,Х374РС512
700,74,Cadillac,CTS,2008,HXEL5AKSI32XSXB6T,С723ХО183
701,435,Lincoln,Aviator,1986,VGIVBKQ1UA5KI0COQ,Н306ТЕ732
702,910,Hyundai,Santa Fe,2016,RZTSMRK8BZZIAS72A,Р224ХТ09
703,290,Rolls-Royce,Cullinan,2004,T4BJIP72LGDGQMUE6,Р622СР406
704,283,Skoda,Karoq,2015,HYAD97WG0EO6654SK,С478ХТ495
705,183,Cadillac,XT5,2011,Y5C8O991J39EK7B2U,Х793ЕК193
706,246,Hyundai,Tucson,2009,4UX7BJ7AG2EYNC09F,В335ТМ342
707,955,Lincoln,Aviator,2021,1HO6UIONM739AV911,Х869КМ588
708,363,Porsche,Panamera,2011,8XFQ13ONU1UA93KAN,В376МТ534
709,279,Lincoln,MKZ,1992,V1XX9IJ6SGQOP3JIX,В688СК316
710,626,Hyundai,Santa Fe,1983,G9CWD0880QSRDWJNN,Р837ХЕ648
711,524,Nissan,Murano,1983,YE50XSYJ90HTD8WU5,У952СУ403
712,400,Audi,Q1,1985,5ODCIS1I5UHGK3AWJ,Т779ТК133
713,71,Skoda,Kodiaq,2008,R135WVQ7GIT6PI203,Р389СА456
714,400,Dodge,Charger,2013,CCSQA5YBBY4LBT12I,О187ТК325
715,631,Audi,Q4,2007,5D0VQ8OKATCHXNUAI,Н937РК541
716,385,Hyundai,Santa Fe,2004,LZQDTQ27HO7NGYPKY,У260РК452
717,646,Porsche,Cayenne,1992,81R4DHDVPYSNPUJWC,У786СЕ578
718,150,Ford,Explorer,2008,PLGW6JDJG9X3T1INK,Е179ЕО07
719,465,Nissan,Qashqai,2021,QRF1PN2AU0UMSQM8O,О237ММ455
720,368,Nissan,X-Trail,1990,KNOIDKGXNWBM47U15,С414МО506
721,251,Lincoln,Continental,2012,BEQP8CFGSJVJF96G1,А267ВУ457
722,744,Cadillac,XT5,2014,EBKXQYNZ8OJQOSSWR,В792АО779
723,502,Kia,Sorento,2016,CJS2ZX5QMX36R59EQ,К572АВ555
724,333,BMW,M5,2014,5QGTPYWBDL71AF5CE,С684МТ707
725,406,Porsche,Cayenne,2009,H8R6RGCB9ETMJF1N2,К239ОХ404
726,838,Cadillac,CTS,1992,OSRT8EER5S8JP8GPZ,В220НК512
727,604,Ford,Mondeo,2023,BDBT1CWHA1THMCFFC,У279КО778
728,388,Toyota,Camry,2017,J048P1EZ6DBKC286I,О477ОТ471
729,506,Nissan,Qashqai,1980,BOAE3G03MQ6O3ZAX3,М239МВ372
730,723,BMW,M6,1990,IY7MIV3ICEYQBD9IO,К761ЕТ293
731,769,Lincoln,Navigator,1983,JP49XXZL8XEON38P1,Н613ОР73
732,99,Dodge,Ram,1984,XR87GXU4GK7DXEHWY,Т711ЕН686
733,628,Kia,Ceed,1995,63SH1PUX2CG8K5TER,Н371АМ594
734,453,BMW,3 Series,2001,PIHLV82WTD39DGBUT,А673ТВ562
735,728,Lincoln,Continental,2013,4XWYA8QHX794EJ94Q,Е238РХ07
736,463,BMW,5 Series,1993,G3HS5VMK4SPT2O8V1,М966ММ469
737,152,Audi,RS5,2015,VQMVDC9O7CUX4L7IJ,Т976ОР637
738,364,Mercedes-Benz,AMG GT,1996,EQ4JYFKR9WAOPRKK2,Т383АК18
739,240,Lincoln,Aviator,2020,HUYP49GKXF20IEHLD,М845СС424
740,906,Rolls-Royce,Cullinan,2010,SGJWZBF0IG91EYPQ4,В441СЕ71
741,267,Kia,Sorento,2003,3AO582KWGCJDFL05D,А417КХ05
742,233,Lada,2106,1989,NUHWIYJX44M2UJAVI,Е246ТР182
743,445,BMW,M2,1983,LBFNL86KWRSSMQP41,С126РК316
744,484,Kia,Sorento,1984,JQFHJZ42YOWRLH84X,Р291УВ715
745,751,Lada,2102,1986,G5MKUKDFA9OTW4DVK,Х589АН310
746,801,Nissan,X-Trail,2021,2SYL3J1G00BXWRYFZ,К359МН657
747,102,Hyundai,Tucson,1985,IYYQXKJEUSSO4O7HG,Р533ЕТ74
748,114,Rolls-Royce,Cullinan,1998,9J6YD33VEYFN29THK,У203ОЕ406
749,51,Hyundai,Solaris,2019,38OYUFJ69O08KLYKS,М953ХХ437
750,283,Dodge,Ram,2023,XG1CFYY53NTLAPS2X,В838НХ315
751,504,Lincoln,Corsair,2018,WQHS2UJ961JHHMRK7,Т792НУ205
752,621,Lada,2110,1983,25309SKMNADZ44QHN,Е954АР158
753,882,Volkswagen,Passat,2000,3T09FVOL24TUW83IS,С448ЕР482
754,818,Toyota,Land Cruiser,2022,ANQ0GVDW0GWR3S5IK,Т566ЕЕ735
755,306,BMW,X6,2023,80SK28MEF5UDOKZSF,Х152МВ254
756,334,BMW,X5,1994,19HKOQPHWQQJ7QNA6,О374ВН463
757,104,Toyota,Land Cruiser,2004,O6ZVO256BSR89UELI,У587РР417
758,709,Volkswagen,Polo,2012,0SDSSBG0HYXGLXYB2,К608УС420
759,538,Rolls-Royce,Wraith,1980,V486REA7SSB2ZXU4A,Р699СУ783
760,386,Cadillac,XT5,1981,LD1JTRKRTSGTCPSTM,С207НС106
761,922,Cadillac,CTS,1993,06JBEP204PSWMPO5N,Х882АС748
762,752,Porsche,Macan,2002,45WAJDSI5KCZ5G6OE,М496РУ713
763,723,Lada,2113,1986,CNP38N1SBC6MAHLCI,К627ТВ429
764,742,Audi,A8,2019,45AK31F2F4FR3LL1X,В470ТА560
765,921,Audi,A5,2010,6BCQAEDBI9FY173NX,Т166ХВ82
766,832,BMW,7 Series,1980,X1H9RIIRA6KPD9HEB,Е361АМ403
767,928,Dodge,Challenger,2022,FUOJ9H5CRHZGUPOFP,Т617КВ180
768,587,Porsche,Panamera,2022,IVTNFIM8ZWQ0CSKBC,А511АЕ23
769,666,Porsche,Cayenne,2006,4NBXJLDW08251W3L2,Н462НМ622
770,651,Nissan,Murano,2004,Q6UJFOAPV5JAML5CH,В303МУ81
771,65,Rolls-Royce,Phantom,2014,3X0J5O6FLUY65ZJLN,Р493ТТ218
772,706,Ford,Mustang,2021,TDHHZVLODW07GYR27,Е444МУ561
773,237,BMW,M5,2006,KTDDOQCAV7RL9DRR8,Х533ВВ401
774,597,Lincoln,MKZ,2023,J934DX9BIM9Y7184H,О383ЕХ454
775,513,Ford,Mustang,1998,82JNUPIGKRMQFVUDR,Н253ВР185
776,508,Volkswagen,Tiguan,2004,89AXL5XEUQ9CS3W69,А782ТА568
777,958,Mercedes-Benz,AMG GT,1986,SLUYVL3K38AJSQ2KV,С705АА629
778,898,Cadillac,CTS,1983,4OFVDVDUF3YXYORT9,В321НК28
779,416,Volkswagen,Polo,1995,WBNQM9FQQGSJ0VEFR,Н907УН648
780,907,BMW,M4,1990,KDVUBY8I46QXHUAYJ,Н805МК625
781,580,Porsche,911,1990,JRKW8NQ8KKG7IXG25,Т495УК275
782,742,Volkswagen,Polo,2023,OBA1O4LTTAS2EZVST,У528ВР721
783,427,Audi,A6,2012,PNQX2HIHIY0F4OR48,Х781АХ418
784,289,Mercedes-Benz,G-Class,2006,FW1QK3CQ6UB60JIUB,Н476ХВ583
785,162,Lada,2108,1992,0VW8Q4GIFL1TM19IS,С354МЕ610
786,520,Rolls-Royce,Wraith,2010,SRFKN0U1HK20MG30M,Р378ОВ729
787,520,Hyundai,Solaris,1981,MS35WCKRPJ01CUKKL,Н580РН775
788,243,Skoda,Yetti,2007,A6FNNHW6MI6J7WVR1,Е826РН636
789,279,Lada,2109,1999,4S6Q651TAHPPJU7J6,У598ХМ723
790,912,Volkswagen,Passat,2020,P4W9KPRBNVGD4G3D1,О117СЕ754
791,707,Hyundai,Elantra,2003,22H59JXDF0QS3QW44,Н372ВВ209
792,61,Porsche,Macan,2005,T47END6E4NEMSGFQE,А839ОТ709
793,162,Lincoln,MKZ,2003,W4WM5RH45D4DMKVCB,Е154ВМ267
794,19,Toyota,Corolla,2017,1BTQ1M4Z2PP4JF1LU,О649ВК369
795,493,Cadillac,CTS,2002,A58E3VNS31COQSQDU,У950ОР722
796,706,Audi,Q4,1993,N3V999N3P86NUIQB9,С483ТС466
797,153,Lincoln,Continental,2010,FJB9SXFBHDKSJAYF8,Н417ХА732
798,437,Dodge,Challenger,1989,1EJ87HKVH842RODZM,А926МУ480
799,55,Rolls-Royce,Ghost,2001,WE41H0JQXRGDCQ2J0,А305АН274
800,455,Porsche,Panamera,2012,ZMP19OMM4FB1B80UY,Е187ЕЕ550
801,817,Porsche,Cayenne,1995,QAUPGJ971UXIXONED,О427РА78
802,944,Porsche,911,1986,GQSRXEIW19SIWF2EB,В760КЕ47
803,428,BMW,M5,2012,AHJYR6FPSTNW7SJG6,М271ХР526
804,997,Dodge,Ram,2003,JDLVNICAF8SI38UAK,А586ВХ637
805,792,Volkswagen,Passat,1982,AYGPAPKMJPYIZR7BH,Т943СУ03
806,326,Hyundai,Santa Fe,2011,GZFPT64LHKIL90QYW,Х490АН58
807,377,BMW,M8,1986,85T0EWZ8DE8LZIECR,А872РН522
808,498,Mercedes-Benz,AMG GT,1992,04QBRJGECYDVNX2M4,А897КН609
809,993,Volkswagen,Polo,2001,H5ZIJY72RHEOFS59Q,В539ТО743
810,815,Toyota,Corolla,1999,RU81E9SUN5XNRSG6I,Р251РВ552
811,257,Porsche,911,2009,NKAKGPO7TN4YJN2IB,Х842УТ317
812,502,Toyota,Camry,1999,NSZ1F73C5TP1V61U0,Е684АМ110
813,383,Kia,Ceed,1980,F27AKZW04GCEIQ38A,У338МС796
814,807,Mercedes-Benz,S-Class,1983,7DJGZ5RCQR9QG83PI,Н293ХТ310
815,642,Skoda,Superb,1987,VX4UTHN8ZFN9ZAVVG,У111РМ775
816,119,Lincoln,MKZ,2005,MN6EIVKS3787H5UB1,Х959ХК218
817,685,Audi,Q5,2024,PFM992PHZAPG3ABBS,Н950МЕ155
818,21,Audi,RS5,2005,SUC4Z12YHH0BJVDEK,Х339УС76
819,552,Dodge,Ram,2009,UAJ2GEJ3WBQNG2859,А286АВ218
820,977,Hyundai,Santa Fe,1984,VU912SM3RTV3VMJW9,Т177РК218
821,64,Rolls-Royce,Ghost,2024,BXI1B2ZAFD4E5X4IH,А595СА96
822,292,Nissan,X-Trail,1987,T7E1PQI0VCPK5BRP4,Е812КА376
823,484,Dodge,Durango,2015,T2U263X4Q6OFJMPT2,Е591УТ675
824,519,Dodge,Durango,2020,5YUIIXLOY3ZPV71S1,Х927ВК16
825,477,Rolls-Royce,Ghost,2006,UHPG3FJS95U9F1RX7,Х238ТС369
826,563,Ford,Focus,2018,94KEUGO4F5SXM81YZ,О216ЕК53
827,443,Lincoln,Navigator,2022,NSKDDNF9CIB4RHW5H,С456НВ21
828,73,Cadillac,CTS,1992,5GWYVD1A1XMV4H9RJ,К455ХЕ602
829,327,Audi,A1,1990,X54KXN6J7PUNERL9G,Н672НС734
830,995,Mercedes-Benz,C-Class,2013,W4UDJ0PJYX013VVEJ,Е953ОА47
831,948,Porsche,911,1988,0HSWYRSE3YK2TW35V,В450ВС180
832,125,Audi,A1,2017,3KZA0NS82ZVUK3VVL,О122УО85
833,674,Ford,Mondeo,1998,980298N8NEQVY5JRJ,Х603КМ332
834,706,Kia,Rio,1990,N5NA88FIDRWNJA4D1,А278ОА02
835,885,Rolls-Royce,Phantom,2023,84L33ASMQT8YLJN6R,В613ТК774
836,18,Mercedes-Benz,E-Class,2000,4GHLYC98IDG17EEGO,О393АВ344
837,545,Hyundai,Santa Fe,1980,BKW5CPV25IEGBOZYK,У619ВЕ362
838,623,Porsche,Macan,2021,JIW2XQ96M1JV7T1FS,М672ЕР528
839,355,Lincoln,Navigator,1981,B5TYJ46QAXS37W2QG,А939НН767
840,624,Cadillac,XT5,2012,V1M7XW39R8W11X0FV,Р537ОК759
841,305,Kia,Sorento,1987,GCYNGXN9WPXWDFSOD,С826ВХ633
842,24,Kia,Sorento,2013,VZ1TUL8NPYYIU9ASO,А662АР142
843,707,Volkswagen,Golf,1997,X5VA2YB1OEYEJR3RU,К735ВВ741
844,102,Rolls-Royce,Cullinan,2020,6XU0WBVL9VW8O3DX0,О473МН685
845,529,Toyota,Camry,2003,XH3FME75BJLC2W34E,Е702ЕХ617
846,31,Kia,Rio,2005,P0PM4NEB42YOOVPJF,А399РТ105
847,952,Volkswagen,Passat,2017,2HFAYW8FSHWRAMQA5,Р632ХС194
848,521,Ford,Focus,1988,77S3VJLTW6DUXS4C0,С959ВВ127
849,234,Hyundai,Solaris,2019,KQU0145B46X1FI1AJ,К624УМ532
850,989,Porsche,911,2007,MN35GCNBF7AV2E2DH,Т821НХ575
851,114,Nissan,Murano,2015,93GI8NT9T61HQQQ0C,О785НА187
852,987,Ford,Focus,1992,YH5OBMP2RP8UOZGTO,С163РН468
853,725,Hyundai,Tucson,1982,FYS2JZVD3K8F75Y3E,Н103МН610
854,456,Volkswagen,Tiguan,2021,R2UI9L0JSFI2LF193,У475ЕМ525
855,600,Skoda,Octavia,2003,0FAA40B0SY9XZA3GK,О702АА493
856,244,Skoda,Superb,2003,MA8GPUTNG32DC4J08,Х592ЕО172
857,584,Toyota,Land Cruiser,2014,M8O8L1A7HSVLYQ45M,М296АН419
858,300,Toyota,Corolla,2008,AA984WG9EXZMHV43I,Е876НЕ319
859,921,Cadillac,CTS,2002,IO0WAPT35NCTF0VVC,Н541КВ298
860,397,Lincoln,Corsair,2011,QT4XYTXJWRTE01JHM,Е303АК697
861,201,Ford,F-150,1993,SB50B8HH3DQRPBLAA,М774СО680
862,658,Mercedes-Benz,A-Class,2006,82B6RWDKTH2E50LTK,У782ХВ524
863,506,Kia,Sorento,1996,CEQU3FTVNTRPEMWD8,Х764ХК220
864,247,Cadillac,XT6,2005,JJPLSQ6SY6PHD1ALV,Х515КМ474
865,329,Cadillac,XT5,1985,3TUXDGLEUV14V9H1Z,М576ОС02
866,126,BMW,5 Series,2011,9TEVKO4DEHCARMZQP,Р514ВХ745
867,289,Rolls-Royce,Cullinan,2016,1Y5EUILTFDXJKE1PB,Р181УМ488
868,377,Kia,Ceed,1996,P0MTFS9F7UV7Z2BY9,Х863АТ693
869,166,Ford,Explorer,1991,A4P0PHDHZZ9DYOQMH,А401ОК583
870,118,Audi,RS8,1987,WIP8HM1TLI3GT3FI2,Н996УК334
871,173,Volkswagen,Polo,1994,YDPQBCTFMAXN8P7P2,Р103ХХ764
872,22,Audi,A4,2022,H7VKZYBO6QBZE4WPS,Т549РР696
873,206,Lada,Priora,1986,TMOCEP1EPL5Y0DZ8M,О604ХС183
874,488,Ford,Mondeo,1992,TAFLLDJRJDBFOTLCQ,Х745РХ414
875,346,Rolls-Royce,Wraith,1999,VQNVK0J805JVYV08S,Р893НА201
876,313,Lincoln,Navigator,2021,RGXFBUSVQCYJDIO8A,М966ХУ466
877,768,Audi,Q5,1981,UOLCURPNDJ4XPIVX6,Р181ВВ325
878,464,Nissan,Murano,2001,CCTPO4W86IJARUOI0,Т430ТЕ27
879,408,Toyota,Corolla,2021,0J3P86HUYNTMVR820,У429ТО72
880,259,Porsche,911,2017,AAMMQ35H1PJXIV6RQ,А120РР86
881,676,Audi,Q6,2023,NHCRYNWF2OY9WDQZD,Х527ТО782
882,853,Dodge,Charger,2021,XFHS5VFXT4UZEYOC4,А126УА581
883,741,Toyota,Corolla,1985,4AYNVFUH6TXQKTKAB,В994СВ211
884,103,Rolls-Royce,Ghost,1990,YPHSWPJGIX69IIAUE,В692ТМ286
885,510,BMW,3 Series,2009,AX0H2D2IDZ2T6F9I0,Р930ХМ619
886,643,Rolls-Royce,Wraith,1996,BVJXDWYCTLEZR3DMV,С549ХТ344
887,379,Lincoln,Corsair,2017,SKQRHHNKRGX6PY9NQ,М734ВА784
888,38,Cadillac,CTS,2010,GEK06SB1MN0AUKL98,О906ХС583
889,722,Toyota,Camry,2016,CPYFDV0A3JEJ7X5CJ,С681ЕХ743
890,396,Porsche,911,1987,8Z8CBAWA8FWD4NNJE,С864МЕ67
891,706,Toyota,Corolla,1981,FFGKOMKTPYK4NC8SM,А156КР110
892,961,Rolls-Royce,Phantom,2008,TKW5HDJUSRYAHRQBE,М559УТ690
893,612,Toyota,Land Cruiser,2011,QKN9LP21O5KRVDLXO,Р189НХ190
894,272,Skoda,Superb,2004,TT2EGFCESCARCCACY,Т609АР590
895,1,Skoda,Octavia,2008,3BE0V2LJ0HMPYO3QY,О772УМ228
896,364,Lada,Niva,1984,Q2FBVMNIPASYQN01D,К722МХ77
897,986,Audi,Q8,2008,G0J1A1VRAD0W2YZM8,С872МХ659
898,453,Kia,Sportage,1993,JS7RFND5H0EUAHXZY,С113ЕО702
899,777,Porsche,911,1999,RIKPHFKUTC17XEAI3,Н417МХ662
900,149,Rolls-Royce,Phantom,1982,IVFQG2Y3LE3KI1EUR,О708МК506
901,583,Skoda,Yetti,2022,X912EPQVHHD6P1X3T,В598ХЕ618
902,774,Porsche,Panamera,2000,IT60AZDJLORKWX14J,У562КХ639
903,829,Hyundai,Tucson,2008,R0D2LCW8XTLUD4VCA,О883ЕС751
904,10,Kia,Ceed,1982,SO9EH8YW36OH2HI9A,С455НК732
905,955,Nissan,Murano,2023,MHDCAYVLDM138J959,Е853ВН317
906,680,Ford,Mustang,2017,B0JKVK27U22IX9PDZ,К346ОХ777
907,224,Dodge,Charger,1980,3GET5S53RS49ID2US,Х226УМ203
908,916,Porsche,Panamera,2021,JDESFZWWR7CNM02WF,У949МА734
909,313,Ford,Mondeo,2011,0TWTI4JZD0M2GP0L8,О567ЕВ170
910,397,Hyundai,Elantra,2022,DM5GQ18N2753H0VPV,Т866СА404
911,473,Rolls-Royce,Cullinan,2003,479AKHVZEHL26HBHI,Е611НВ611
912,226,Audi,Q4,2020,O4Q5AAU05UAQFBELE,К331УС765
913,252,Mercedes-Benz,E-Class,2021,M5IURS25HFTFX7OKE,Р211МУ670
914,434,Hyundai,Tucson,1995,ADF6Y6DYIVLLAFC6M,О567КК435
915,942,Mercedes-Benz,A-Class,2020,7IJCK295X942404MU,Т327УО162
916,70,Rolls-Royce,Ghost,2003,H0CAO8M7JKCRAH0QE,Н904ХМ50
917,669,Kia,Rio,2004,8UZ3F36EQKOTEFJCU,М343СР285
918,44,Cadillac,ATS,2010,LQ94TT5KNSJ2PNCWB,С577ХМ203
919,226,Rolls-Royce,Cullinan,1996,MHNKIE4CJ3FUBLOY4,О173НТ46
920,323,Lincoln,Navigator,2016,QAI9WTERW8E5UN76I,Т927МО667
921,132,Ford,Explorer,2021,29KVBFCM28VABT16P,А378ОС309
922,234,Ford,Focus,2001,BW80CXNRJ72HGCOQZ,О297МА793
923,715,Skoda,Superb,1994,S3HV21RNN1Z3CF3IH,Е333ТХ265
924,938,Cadillac,XT6,2021,WF73A0JITKF49S6PF,А451УУ28
925,72,Rolls-Royce,Ghost,2019,KRBZTZUPUSZEQL503,Р614СА53
926,506,Porsche,911,1991,D4USZBC01DBDRMW0B,В350НМ266
927,571,Rolls-Royce,Wraith,2017,FZ7XOYDKFQ9SOOTHM,Р945СХ676
928,105,Rolls-Royce,Ghost,1986,5MHU4O4SLSMJQ2U3X,Н618КН339
929,825,Rolls-Royce,Phantom,2006,JB9FB1YB5RXUEV9W2,К283АМ690
930,4,Ford,F-150,1990,2S112YRC7CN7T6ZKH,Н140НС293
931,551,Porsche,Cayenne,1983,K1780QNW709Q5JMIF,К982УС103
932,196,Hyundai,Santa Fe,2003,Q6QMWCO7FOYZP9WYU,Н680АМ141
933,665,Cadillac,Escalade,2021,DBG1NPGNPTDL5FQ4I,В763ВО716
934,862,Mercedes-Benz,S-Class,1986,51HL3Y7H7I7X6SLT9,Е993АА776
935,994,Ford,Mustang,1990,NRHCIL119VSB99IW7,О939КВ264
936,828,Audi,RS8,2021,7P64ODGQ95CSQR53V,М755АЕ151
937,874,Nissan,X-Trail,2004,SF5BTWEL00TH3VQSN,А865НК325
938,120,Cadillac,CTS,1991,T228LBT7XCKGX64LM,С571НЕ260
939,539,Mercedes-Benz,GLC,1987,TUKUR26L2P5ANPDQP,Н741УМ470
940,653,Hyundai,Solaris,2000,KAWO7JOXT7KTHEDPW,Х935РО228
941,872,Volkswagen,Passat,1982,YJ7LACPXIYAZH9Z8Q,С734ЕУ301
942,315,Kia,Sportage,1994,INJH381CCZYNWYU8X,М276ЕЕ339
943,27,Dodge,Journey,2016,HA2MYIVZ79U3OSFQ1,У256НУ292
944,735,Lincoln,Navigator,2003,IQ4X5XPC76KJ7FQOQ,С302ОМ641
945,99,Toyota,Corolla,2013,8FAAHQVSS0WBBYIWO,Р158ХА414
946,527,Hyundai,Solaris,2017,Y3ZBC9LF4R2GMINJ0,Р141ХУ341
947,244,Ford,Focus,1988,DSLBYVDOACX5DGTO4,К914УК07
948,862,Dodge,Journey,1995,CUF1A1GFF5M9H1ES5,С532ХН235
949,366,Porsche,Cayenne,1996,I8OFGZ3XLHO3EP1SO,С784СУ50
950,753,Ford,Focus,2019,X8D1US3WE0RG7QBMK,Н210АС405
951,804,Rolls-Royce,Ghost,1994,8VBX9B73FA74XMGTX,Е214АМ282
952,423,Volkswagen,Passat,1984,WTH3FYMH3VZNZC7YH,Т543АВ291
953,458,Volkswagen,Passat,2021,OUWOVBX6FXMWI3LA4,Н744ВХ582
954,567,Lincoln,Corsair,1997,TMNFMTQN4YISZRCE9,В315УА526
955,4,Toyota,Land Cruiser,2002,DJQOEF8V35VSGS5BQ,К890МР478
956,777,Volkswagen,Passat,2007,LL7S9R0N1OAYB35HR,А249НС704
957,694,Lada,2109,2013,YGRX9W1YVYKCT9FZK,У706ТХ540
958,639,Dodge,Durango,1999,BJHZ5MZPGBGL018ZT,М202УО670
959,5,Lincoln,Continental,2011,NSZMGOY6IN9LEGCMF,О182АУ326
960,15,Nissan,Teana,2016,EFEB5NEW9G88CZ9B4,В941УО229
961,615,Volkswagen,Golf,2021,PAKFZJ3O0OTCS6Z0S,Х607ЕТ789
962,106,Cadillac,Escalade,2020,P9SS5F0XCQMS4UY00,Р440СХ347
963,781,Rolls-Royce,Ghost,2014,18H8GUGR7K01RSU5D,Р829ЕТ68
964,117,Skoda,Superb,2023,40OJXGWF7O9RYMYD1,Н274СЕ258
965,645,Cadillac,Escalade,2005,O2POZNNJSEA5G8HQN,М777НЕ220
966,489,Volkswagen,Golf,1998,HG1YT4SRZY8IZ910V,О334ОР622
967,614,Porsche,Cayenne,1995,B6HTSYT9VD1HTGP3A,М299ХН529
968,294,Nissan,Murano,2007,86XY0D6RNAEB2SUW6,Т438ВА273
969,890,Hyundai,Elantra,1998,PU7JNUJK0FIDOBM95,К117ВН510
970,552,Porsche,Cayenne,2011,YJGDY1BUUXWHF7NZ4,О120КК660
971,526,BMW,X6,2022,LVGIPVBW0BIF6EO2U,О116РУ277
972,227,Mercedes-Benz,C-Class,2000,ITTQ345FKJDHY0C3W,О170АК778
973,45,Skoda,Kodiaq,1998,VUQFIXL1KVADP70EU,Е692УЕ54
974,614,Ford,Mustang,2016,BTIZRIUSBA6JPV2KA,Е754РВ769
975,358,Hyundai,Tucson,2003,WZKBU1CVTGQL1LY6O,Р795ВХ228
976,168,Rolls-Royce,Ghost,2020,V9A8NSSXCQZ04RSRZ,У390ОМ684
977,551,Nissan,Murano,1984,VM597DLJNF3O6BSMG,Р727ТК655
978,197,Hyundai,Santa Fe,1981,OC8N359V717DS0Y9A,У362УО409
979,73,Nissan,Teana,2017,FD758DDXQDEU338D2,К516МВ15
980,720,Kia,Ceed,1984,U0WBLU0I6TJACXF2D,С898НН271
981,596,Mercedes-Benz,GLE,1986,64MR5PK9D1W2QPWZS,Т673ХК49
982,898,Ford,Mondeo,1999,FSP0LVQW5HMDNZ5KC,Р615НК620
983,387,Rolls-Royce,Ghost,2023,W4K9PWQLLUBDV60IS,А739КС82
984,454,Audi,A4,1985,V0NPOVTDXO0J1BYPW,Е144ТР682
985,80,Toyota,Land Cruiser,2022,N9ONPSYDZINSLP4N4,Х890СЕ395
986,115,Lincoln,MKZ,1988,0M4P3IW60YQ35LEU4,Р260ОМ94
987,759,Skoda,Kodiaq,1984,W4QQSBGNRCTQ1L976,К679УВ565
988,910,Volkswagen,Golf,2014,5EEDUMGAIX4DY4I76,У450МЕ332
989,407,BMW,3 Series,2013,IZ6B7GSH4VIXHJYNZ,С171ТЕ118
990,205,Mercedes-Benz,S-Class,2008,UMCNEEJ1IAXL204DB,А282АТ142
991,99,Dodge,Ram,2020,33MK8P25469LDIFH8,Е907КУ312
992,859,Lada,2105,2006,YAR5BBOVHPZ477GWX,Х912СМ325
993,236,Toyota,Corolla,2009,TW91CTUIOEUYFFU2M,Х945ВК331
994,958,Toyota,Land Cruiser,2024,CEI594Q7RJ5XPCD3N,О452ОК381
995,397,Dodge,Journey,2018,XA1UAM62S8IEXBFR6,М427АХ66
996,316,Cadillac,ATS,1995,DPX1DZH64QY46T6S6,Е526АЕ463
997,595,Toyota,Camry,2008,GLFKT48R80U1VPMHN,М507УН799
998,56,Hyundai,Solaris,2022,ER5K7TBQGKQADRJMM,Т715НР345
999,97,Hyundai,Santa Fe,1983,6AQU2SSZYM70HYWPD,Т471РВ365
1000,668,Mercedes-Benz,GLC,2013,RAEG9T6V0C59GKOPN,О369РН78
