id,worker_id,request_id,repair_status,repair_type,costs,repair_date
1,413,985,Ремонт окончен,Поломка замков,60000.0,2024-08-26
2,721,823,Ремонтируется,Поломка замков,60000.0,2024-08-14
3,264,20,Ремонт окончен,Полировка,1000.0,2024-06-30
4,710,903,Ремонтируется,Покраска,100000.0,2024-08-12
5,88,31,В очереди,Поломка замков,60000.0,2024-08-02
6,403,509,Ремонтируется,Замена шин,15000.0,2024-07-10
7,762,243,В очереди,Ошибки электроники,40000.0,2024-07-17
8,785,866,В очереди,Поломка замков,60000.0,2024-07-10
9,686,722,Ремонт окончен,Покраска,100000.0,2024-09-09
10,593,816,В очереди,Замена шин,15000.0,2024-09-11
11,226,651,Ремонтируется,Полировка,1000.0,2024-08-15
12,255,766,Ремонтируется,Покраска,100000.0,2024-06-02
13,20,496,Ремонтируется,Замена шин,15000.0,2024-06-29
14,152,471,Ремонт окончен,Полировка,1000.0,2024-08-06
15,614,979,В очереди,Ошибки электроники,40000.0,2024-08-03
16,652,242,Ремонт окончен,Ошибки электроники,40000.0,2024-08-16
17,749,882,Ремонтируется,Ошибки электроники,40000.0,2024-08-14
18,959,74,Ремонт окончен,Ошибки электроники,40000.0,2024-09-08
19,534,707,Ремонтируется,Замена шин,15000.0,2024-09-16
20,581,63,Ремонтируется,Замена шин,15000.0,2024-08-12
21,549,187,Ремонт окончен,Ошибки электроники,40000.0,2024-08-28
22,869,609,Ремонт окончен,Ошибки электроники,40000.0,2024-09-12
23,748,234,Ремонтируется,Покраска,100000.0,2024-09-08
24,482,328,Ремонтируется,Покраска,100000.0,2024-09-19
25,122,720,Ремонт окончен,Ошибки электроники,40000.0,2024-05-29
26,545,387,Ремонтируется,Покраска,100000.0,2024-09-07
27,398,185,Ремонт окончен,Ремонт вмятин,20000.0,2024-09-05
28,316,730,Ремонт окончен,ТО,5000.0,2024-05-20
29,841,636,Ремонтируется,Ремонт вмятин,20000.0,2024-08-10
30,749,700,Ремонтируется,Ошибки электроники,40000.0,2024-07-17
31,645,210,Ремонтируется,Замена шин,15000.0,2024-09-03
32,248,89,В очереди,Полировка,1000.0,2024-08-11
33,557,814,Ремонт окончен,ТО,5000.0,2024-08-10
34,784,825,Ремонтируется,Замена шин,15000.0,2024-09-09
35,206,629,В очереди,Замена шин,15000.0,2024-09-18
36,133,963,В очереди,Поломка замков,60000.0,2024-07-08
37,422,473,В очереди,Замена шин,15000.0,2024-08-13
38,529,265,В очереди,Полировка,1000.0,2024-08-26
39,939,637,Ремонт окончен,Поломка замков,60000.0,2024-07-11
40,12,469,В очереди,ТО,5000.0,2024-09-16
41,971,297,Ремонт окончен,Ремонт вмятин,20000.0,2024-09-11
42,671,506,В очереди,Покраска,100000.0,2024-06-24
43,405,841,Ремонт окончен,Полировка,1000.0,2024-06-16
44,228,432,Ремонт окончен,Поломка замков,60000.0,2024-05-07
45,863,402,Ремонт окончен,Поломка замков,60000.0,2024-09-18
46,309,997,Ремонтируется,Замена шин,15000.0,2024-07-26
47,551,966,Ремонтируется,Замена шин,15000.0,2024-09-20
48,194,892,В очереди,Полировка,1000.0,2024-09-19
49,734,821,Ремонт окончен,Ошибки электроники,40000.0,2024-09-18
50,354,683,Ремонт окончен,Ошибки электроники,40000.0,2024-08-22
51,260,899,Ремонтируется,Замена шин,15000.0,2024-09-05
52,848,955,В очереди,Замена шин,15000.0,2024-07-27
53,697,924,В очереди,ТО,5000.0,2024-08-29
54,283,507,Ремонт окончен,Ремонт вмятин,20000.0,2024-08-12
55,542,627,В очереди,Полировка,1000.0,2024-09-19
56,403,251,Ремонт окончен,Замена шин,15000.0,2024-06-17
57,9,897,В очереди,Покраска,100000.0,2024-09-05
58,879,828,Ремонтируется,Поломка замков,60000.0,2024-08-15
59,739,661,Ремонт окончен,Ошибки электроники,40000.0,2024-09-05
60,794,994,Ремонт окончен,ТО,5000.0,2024-09-07
61,974,62,Ремонтируется,Поломка замков,60000.0,2024-08-17
62,836,74,Ремонт окончен,Замена шин,15000.0,2024-06-03
63,431,89,Ремонт окончен,Покраска,100000.0,2024-09-05
64,783,251,Ремонтируется,Ошибки электроники,40000.0,2024-08-14
65,538,425,Ремонт окончен,Ошибки электроники,40000.0,2024-08-12
66,646,185,В очереди,Ремонт вмятин,20000.0,2024-08-30
67,694,308,В очереди,Замена шин,15000.0,2024-06-10
68,731,605,Ремонт окончен,Покраска,100000.0,2024-07-11
69,172,326,В очереди,ТО,5000.0,2024-08-25
70,138,181,Ремонтируется,Полировка,1000.0,2024-08-20
71,218,851,В очереди,ТО,5000.0,2024-05-26
72,914,940,В очереди,Покраска,100000.0,2024-07-23
73,916,74,Ремонтируется,ТО,5000.0,2024-07-01
74,870,534,Ремонт окончен,Ошибки электроники,40000.0,2024-08-17
75,933,305,В очереди,Замена шин,15000.0,2024-08-28
76,812,621,В очереди,Полировка,1000.0,2024-08-08
77,606,761,Ремонтируется,Замена шин,15000.0,2024-08-04
78,118,600,Ремонт окончен,Ошибки электроники,40000.0,2024-09-13
79,88,29,Ремонт окончен,Поломка замков,60000.0,2024-09-12
80,446,597,Ремонт окончен,ТО,5000.0,2024-08-30
81,653,706,Ремонт окончен,ТО,5000.0,2024-09-02
82,481,84,Ремонтируется,Покраска,100000.0,2024-09-02
83,833,199,Ремонтируется,Замена шин,15000.0,2024-05-15
84,774,712,В очереди,Поломка замков,60000.0,2024-09-14
85,580,799,В очереди,Замена шин,15000.0,2024-07-29
86,347,657,Ремонтируется,Замена шин,15000.0,2024-09-20
87,433,193,Ремонтируется,Ремонт вмятин,20000.0,2024-09-11
88,617,534,Ремонт окончен,ТО,5000.0,2024-08-09
89,74,105,Ремонтируется,Замена шин,15000.0,2024-08-30
90,515,824,Ремонтируется,ТО,5000.0,2024-09-02
91,498,533,Ремонтируется,Полировка,1000.0,2024-08-24
92,352,627,В очереди,ТО,5000.0,2024-09-19
93,845,49,В очереди,Поломка замков,60000.0,2024-09-08
94,347,240,Ремонтируется,Замена шин,15000.0,2024-09-16
95,182,201,Ремонт окончен,Поломка замков,60000.0,2024-08-26
96,583,898,В очереди,Покраска,100000.0,2024-08-26
97,360,219,Ремонтируется,Ремонт вмятин,20000.0,2024-08-25
98,87,698,В очереди,Покраска,100000.0,2024-07-08
99,755,149,Ремонтируется,Покраска,100000.0,2024-08-01
100,525,13,Ремонт окончен,Ремонт вмятин,20000.0,2024-09-20
101,989,183,Ремонт окончен,Ошибки электроники,40000.0,2024-08-01
102,156,722,Ремонтируется,ТО,5000.0,2024-08-21
103,748,413,Ремонт окончен,Покраска,100000.0,2024-06-23
104,621,612,Ремонтируется,Полировка,1000.0,2024-07-01
105,50,354,Ремонт окончен,Поломка замков,60000.0,2024-08-24
106,187,94,Ремонтируется,Полировка,1000.0,2024-09-14
107,897,495,Ремонтируется,ТО,5000.0,2024-05-29
108,363,756,Ремонт окончен,Поломка замков,60000.0,2024-09-21
109,684,411,В очереди,Замена шин,15000.0,2024-09-02
110,622,592,Ремонтируется,Ошибки электроники,40000.0,2024-08-14
111,676,934,Ремонт окончен,Замена шин,15000.0,2024-08-14
112,25,520,Ремонт окончен,Покраска,100000.0,2024-07-06
113,776,519,Ремонт окончен,Полировка,1000.0,2024-08-25
114,634,467,Ремонтируется,Ошибки электроники,40000.0,2024-08-30
115,344,383,Ремонт окончен,Покраска,100000.0,2024-08-26
116,329,358,Ремонт окончен,Покраска,100000.0,2024-08-02
117,46,183,Ремонтируется,ТО,5000.0,2024-09-20
118,284,31,Ремонт окончен,Ремонт вмятин,20000.0,2024-05-29
119,881,494,Ремонт окончен,Ремонт вмятин,20000.0,2024-06-13
120,279,554,Ремонт окончен,Замена шин,15000.0,2024-06-06
121,988,446,Ремонтируется,ТО,5000.0,2024-08-19
122,314,438,В очереди,Покраска,100000.0,2024-09-17
123,940,254,Ремонт окончен,Покраска,100000.0,2024-09-11
124,118,708,В очереди,Ошибки электроники,40000.0,2024-08-21
125,921,591,В очереди,Ошибки электроники,40000.0,2024-08-26
126,8,360,Ремонтируется,Поломка замков,60000.0,2024-08-19
127,546,433,Ремонт окончен,Поломка замков,60000.0,2024-09-19
128,586,141,Ремонт окончен,Ремонт вмятин,20000.0,2024-08-20
129,388,196,В очереди,Полировка,1000.0,2024-09-08
130,464,815,В очереди,Полировка,1000.0,2024-09-04
131,634,447,Ремонтируется,Ошибки электроники,40000.0,2024-08-15
132,438,988,В очереди,Ремонт вмятин,20000.0,2024-09-12
133,370,368,В очереди,Ремонт вмятин,20000.0,2024-08-24
134,844,513,Ремонт окончен,Покраска,100000.0,2024-08-21
135,894,326,В очереди,Покраска,100000.0,2024-07-16
136,445,325,Ремонт окончен,Ошибки электроники,40000.0,2024-09-18
137,543,486,В очереди,ТО,5000.0,2024-07-27
138,269,495,Ремонт окончен,ТО,5000.0,2024-05-24
139,658,99,Ремонт окончен,Поломка замков,60000.0,2024-05-10
140,787,74,В очереди,ТО,5000.0,2024-05-30
141,281,212,В очереди,Замена шин,15000.0,2024-08-30
142,517,394,В очереди,Ремонт вмятин,20000.0,2024-05-14
143,751,653,Ремонтируется,Замена шин,15000.0,2024-08-20
144,560,404,Ремонтируется,ТО,5000.0,2024-09-18
145,753,802,Ремонтируется,Полировка,1000.0,2024-09-10
146,18,702,Ремонт окончен,Ошибки электроники,40000.0,2024-09-21
147,419,341,В очереди,Поломка замков,60000.0,2024-07-04
148,87,406,Ремонт окончен,Покраска,100000.0,2024-08-29
149,899,33,Ремонтируется,Ошибки электроники,40000.0,2024-08-26
150,135,968,Ремонтируется,Ошибки электроники,40000.0,2024-09-21
151,94,936,Ремонт окончен,ТО,5000.0,2024-08-17
152,875,735,Ремонт окончен,ТО,5000.0,2024-08-22
153,363,356,В очереди,Поломка замков,60000.0,2024-09-12
154,92,321,Ремонт окончен,ТО,5000.0,2024-08-31
155,901,847,В очереди,Покраска,100000.0,2024-07-22
156,564,281,Ремонтируется,Поломка замков,60000.0,2024-08-30
157,642,937,В очереди,Замена шин,15000.0,2024-09-02
158,389,281,Ремонтируется,Ошибки электроники,40000.0,2024-08-25
159,64,108,В очереди,Полировка,1000.0,2024-07-08
160,723,560,Ремонт окончен,Полировка,1000.0,2024-07-01
161,463,180,Ремонт окончен,Замена шин,15000.0,2024-09-04
162,414,788,Ремонтируется,Поломка замков,60000.0,2024-07-21
163,630,830,Ремонт окончен,Замена шин,15000.0,2024-07-23
164,954,737,Ремонт окончен,Ошибки электроники,40000.0,2024-09-11
165,194,647,Ремонт окончен,Полировка,1000.0,2024-09-19
166,626,214,Ремонт окончен,Поломка замков,60000.0,2024-06-19
167,113,170,В очереди,ТО,5000.0,2024-08-10
168,825,625,Ремонт окончен,ТО,5000.0,2024-07-17
169,785,11,Ремонтируется,Поломка замков,60000.0,2024-07-20
170,625,942,Ремонтируется,Покраска,100000.0,2024-09-21
171,786,186,Ремонт окончен,Полировка,1000.0,2024-08-21
172,368,841,Ремонтируется,Замена шин,15000.0,2024-07-18
173,957,727,В очереди,Поломка замков,60000.0,2024-09-10
174,260,336,Ремонт окончен,Замена шин,15000.0,2024-09-05
175,47,926,В очереди,Покраска,100000.0,2024-09-15
176,405,269,Ремонт окончен,Полировка,1000.0,2024-05-03
177,776,453,Ремонт окончен,Полировка,1000.0,2024-07-23
178,495,396,В очереди,Ремонт вмятин,20000.0,2024-09-09
179,794,186,Ремонт окончен,ТО,5000.0,2024-08-31
180,663,643,Ремонтируется,ТО,5000.0,2024-07-04
181,451,209,Ремонт окончен,Полировка,1000.0,2024-06-21
182,756,925,Ремонтируется,Поломка замков,60000.0,2024-07-05
183,676,373,Ремонт окончен,Замена шин,15000.0,2024-09-09
184,40,136,Ремонтируется,Замена шин,15000.0,2024-08-02
185,760,872,Ремонт окончен,Покраска,100000.0,2024-05-31
186,334,933,Ремонтируется,Покраска,100000.0,2024-08-29
187,10,913,В очереди,Ремонт вмятин,20000.0,2024-09-17
188,865,392,В очереди,Поломка замков,60000.0,2024-09-06
189,803,324,В очереди,Покраска,100000.0,2024-09-03
190,973,511,Ремонт окончен,ТО,5000.0,2024-07-27
191,676,622,В очереди,Замена шин,15000.0,2024-08-28
192,405,699,Ремонт окончен,Полировка,1000.0,2024-09-18
193,199,302,В очереди,Ремонт вмятин,20000.0,2024-08-09
194,732,950,В очереди,Ошибки электроники,40000.0,2024-08-27
195,322,57,В очереди,Ошибки электроники,40000.0,2024-08-10
196,806,62,Ремонтируется,Полировка,1000.0,2024-09-10
197,222,180,Ремонтируется,Ремонт вмятин,20000.0,2024-09-01
198,551,269,Ремонт окончен,Замена шин,15000.0,2024-06-07
199,739,835,Ремонтируется,Ошибки электроники,40000.0,2024-07-11
200,501,602,Ремонтируется,Ошибки электроники,40000.0,2024-06-07
201,482,719,Ремонтируется,Покраска,100000.0,2024-07-21
202,905,23,Ремонтируется,Ремонт вмятин,20000.0,2024-06-23
203,796,987,Ремонтируется,Замена шин,15000.0,2024-07-29
204,838,566,Ремонтируется,ТО,5000.0,2024-08-29
205,839,723,Ремонт окончен,ТО,5000.0,2024-07-19
206,378,418,В очереди,ТО,5000.0,2024-08-18
207,849,71,Ремонтируется,Ошибки электроники,40000.0,2024-06-24
208,524,359,Ремонт окончен,Покраска,100000.0,2024-08-15
209,905,756,Ремонт окончен,Ремонт вмятин,20000.0,2024-08-27
210,216,122,Ремонт окончен,Замена шин,15000.0,2024-09-10
211,503,574,В очереди,Покраска,100000.0,2024-08-15
212,603,134,Ремонтируется,Ошибки электроники,40000.0,2024-08-01
213,662,310,В очереди,Замена шин,15000.0,2024-07-15
214,265,947,Ремонт окончен,Покраска,100000.0,2024-07-24
215,608,99,Ремонтируется,Замена шин,15000.0,2024-07-31
216,321,129,Ремонт окончен,ТО,5000.0,2024-07-24
217,145,244,Ремонтируется,Полировка,1000.0,2024-09-10
218,249,997,Ремонт окончен,Полировка,1000.0,2024-09-08
219,60,243,Ремонт окончен,Ремонт вмятин,20000.0,2024-06-14
220,608,969,Ремонтируется,Замена шин,15000.0,2024-09-20
221,246,550,Ремонт окончен,ТО,5000.0,2024-09-14
222,335,95,Ремонтируется,Замена шин,15000.0,2024-08-09
223,369,467,Ремонт окончен,Ремонт вмятин,20000.0,2024-09-04
224,422,254,В очереди,Замена шин,15000.0,2024-09-09
225,97,846,Ремонтируется,Ошибки электроники,40000.0,2024-08-30
226,25,331,Ремонтируется,Покраска,100000.0,2024-09-01
227,130,447,В очереди,Полировка,1000.0,2024-08-06
228,866,635,В очереди,Замена шин,15000.0,2024-06-20
229,446,164,Ремонтируется,ТО,5000.0,2024-08-29
230,414,373,Ремонт окончен,Поломка замков,60000.0,2024-09-12
231,284,107,В очереди,Ремонт вмятин,20000.0,2024-07-27
232,674,287,Ремонтируется,Поломка замков,60000.0,2024-08-06
233,340,182,В очереди,Полировка,1000.0,2024-07-29
234,144,786,В очереди,Ремонт вмятин,20000.0,2024-09-17
235,109,521,Ремонт окончен,Замена шин,15000.0,2024-05-30
236,494,68,Ремонт окончен,Ошибки электроники,40000.0,2024-08-13
237,554,101,Ремонт окончен,ТО,5000.0,2024-08-25
238,743,597,В очереди,Покраска,100000.0,2024-09-18
239,40,526,Ремонт окончен,Замена шин,15000.0,2024-09-08
240,879,358,Ремонт окончен,Поломка замков,60000.0,2024-08-11
241,958,279,В очереди,Покраска,100000.0,2024-05-18
242,474,248,Ремонт окончен,Замена шин,15000.0,2024-07-20
243,878,313,В очереди,Ошибки электроники,40000.0,2024-09-08
244,99,429,Ремонтируется,Замена шин,15000.0,2024-07-14
245,312,835,Ремонтируется,Ремонт вмятин,20000.0,2024-07-23
246,813,5,Ремонт окончен,Покраска,100000.0,2024-07-21
247,409,55,Ремонт окончен,Поломка замков,60000.0,2024-09-06
248,712,249,Ремонтируется,Замена шин,15000.0,2024-09-15
249,221,700,В очереди,Поломка замков,60000.0,2024-06-30
250,371,872,В очереди,Ремонт вмятин,20000.0,2024-09-01
251,948,557,В очереди,Поломка замков,60000.0,2024-09-21
252,629,166,Ремонтируется,Ремонт вмятин,20000.0,2024-09-10
253,733,136,Ремонтируется,Покраска,100000.0,2024-08-14
254,154,836,Ремонтируется,Покраска,100000.0,2024-09-01
255,312,370,В очереди,Ремонт вмятин,20000.0,2024-08-13
256,498,191,Ремонтируется,Полировка,1000.0,2024-07-06
257,596,718,В очереди,Замена шин,15000.0,2024-08-03
258,701,476,Ремонтируется,Ремонт вмятин,20000.0,2024-07-27
259,727,561,Ремонт окончен,Полировка,1000.0,2024-07-21
260,23,308,В очереди,Полировка,1000.0,2024-05-18
261,306,245,Ремонтируется,Ошибки электроники,40000.0,2024-08-23
262,842,200,Ремонтируется,Полировка,1000.0,2024-07-26
263,522,100,Ремонт окончен,Покраска,100000.0,2024-08-01
264,386,245,Ремонт окончен,Поломка замков,60000.0,2024-08-01
265,439,849,Ремонт окончен,Покраска,100000.0,2024-09-08
266,200,274,Ремонтируется,Полировка,1000.0,2024-09-17
267,608,297,В очереди,Замена шин,15000.0,2024-09-08
268,452,314,В очереди,ТО,5000.0,2024-09-20
269,170,117,В очереди,ТО,5000.0,2024-09-17
270,824,824,В очереди,Покраска,100000.0,2024-07-28
271,129,220,Ремонт окончен,Поломка замков,60000.0,2024-09-21
272,979,194,Ремонт окончен,Ошибки электроники,40000.0,2024-09-02
273,364,676,Ремонт окончен,Полировка,1000.0,2024-08-15
274,304,667,В очереди,Ремонт вмятин,20000.0,2024-06-05
275,667,185,Ремонт окончен,Ремонт вмятин,20000.0,2024-08-30
276,352,938,Ремонтируется,ТО,5000.0,2024-07-14
277,353,999,В очереди,ТО,5000.0,2024-05-25
278,758,673,Ремонт окончен,Полировка,1000.0,2024-07-15
279,99,480,Ремонтируется,Замена шин,15000.0,2024-08-17
280,103,482,Ремонт окончен,Полировка,1000.0,2024-08-16
281,73,348,В очереди,Поломка замков,60000.0,2024-05-21
282,196,53,В очереди,Ремонт вмятин,20000.0,2024-08-31
283,506,827,Ремонт окончен,Полировка,1000.0,2024-07-09
284,547,879,Ремонт окончен,Полировка,1000.0,2024-06-23
285,726,462,Ремонтируется,ТО,5000.0,2024-08-26
286,887,547,Ремонт окончен,Замена шин,15000.0,2024-09-16
287,30,549,Ремонт окончен,Ремонт вмятин,20000.0,2024-06-15
288,628,522,Ремонтируется,Поломка замков,60000.0,2024-08-05
289,32,589,Ремонт окончен,Ошибки электроники,40000.0,2024-08-17
290,841,734,Ремонтируется,Ремонт вмятин,20000.0,2024-09-06
291,814,429,Ремонт окончен,Полировка,1000.0,2024-07-16
292,522,114,В очереди,Покраска,100000.0,2024-09-02
293,447,305,В очереди,ТО,5000.0,2024-08-23
294,83,392,Ремонт окончен,Полировка,1000.0,2024-08-16
295,400,282,В очереди,Поломка замков,60000.0,2024-08-24
296,979,892,В очереди,Ошибки электроники,40000.0,2024-09-20
297,640,916,Ремонт окончен,Покраска,100000.0,2024-08-11
298,953,558,Ремонт окончен,Полировка,1000.0,2024-09-15
299,886,893,Ремонт окончен,Поломка замков,60000.0,2024-09-20
300,710,40,Ремонтируется,Покраска,100000.0,2024-08-16
301,112,424,Ремонтируется,Ошибки электроники,40000.0,2024-09-07
302,397,602,Ремонтируется,Поломка замков,60000.0,2024-07-06
303,731,418,Ремонт окончен,Покраска,100000.0,2024-08-12
304,873,450,Ремонтируется,ТО,5000.0,2024-09-14
305,697,572,Ремонт окончен,ТО,5000.0,2024-09-21
306,107,460,Ремонтируется,Ошибки электроники,40000.0,2024-07-10
307,826,495,Ремонтируется,ТО,5000.0,2024-05-25
308,655,720,Ремонтируется,Полировка,1000.0,2024-05-29
309,55,913,Ремонт окончен,Ремонт вмятин,20000.0,2024-09-06
310,699,35,Ремонт окончен,Замена шин,15000.0,2024-05-19
311,132,294,Ремонт окончен,Поломка замков,60000.0,2024-09-20
312,104,172,Ремонтируется,Покраска,100000.0,2024-09-12
313,997,20,Ремонт окончен,Ремонт вмятин,20000.0,2024-07-15
314,554,880,Ремонт окончен,ТО,5000.0,2024-09-08
315,259,772,Ремонтируется,Покраска,100000.0,2024-09-21
316,725,825,В очереди,ТО,5000.0,2024-09-12
317,942,699,Ремонтируется,ТО,5000.0,2024-09-18
318,17,48,Ремонт окончен,Ремонт вмятин,20000.0,2024-09-07
319,446,74,В очереди,ТО,5000.0,2024-07-18
320,208,212,В очереди,Замена шин,15000.0,2024-09-20
321,828,692,Ремонт окончен,Ремонт вмятин,20000.0,2024-09-19
322,965,35,Ремонт окончен,Ремонт вмятин,20000.0,2024-09-09
323,105,426,В очереди,ТО,5000.0,2024-05-26
324,25,944,Ремонт окончен,Покраска,100000.0,2024-09-08
325,880,677,В очереди,ТО,5000.0,2024-08-14
326,852,709,В очереди,Замена шин,15000.0,2024-08-26
327,239,763,Ремонтируется,Покраска,100000.0,2024-07-26
328,708,408,Ремонт окончен,Покраска,100000.0,2024-09-14
329,15,174,Ремонт окончен,Покраска,100000.0,2024-08-27
330,478,726,Ремонт окончен,Ремонт вмятин,20000.0,2024-06-28
331,398,851,В очереди,Ремонт вмятин,20000.0,2024-05-11
332,85,326,Ремонт окончен,Полировка,1000.0,2024-06-23
333,57,24,Ремонтируется,Покраска,100000.0,2024-09-04
334,982,149,В очереди,Покраска,100000.0,2024-08-11
335,138,405,Ремонтируется,Полировка,1000.0,2024-09-17
336,26,556,Ремонтируется,Полировка,1000.0,2024-09-19
337,644,604,Ремонтируется,Полировка,1000.0,2024-09-09
338,949,677,Ремонт окончен,Поломка замков,60000.0,2024-09-11
339,647,915,В очереди,Ремонт вмятин,20000.0,2024-07-15
340,595,373,Ремонтируется,Замена шин,15000.0,2024-09-10
341,613,345,В очереди,Полировка,1000.0,2024-07-27
342,485,414,Ремонт окончен,Ошибки электроники,40000.0,2024-09-20
343,188,996,Ремонтируется,Ошибки электроники,40000.0,2024-05-08
344,707,100,Ремонт окончен,Ошибки электроники,40000.0,2024-07-31
345,872,765,В очереди,ТО,5000.0,2024-09-18
346,927,266,В очереди,Покраска,100000.0,2024-09-20
347,997,289,Ремонтируется,Ремонт вмятин,20000.0,2024-08-25
348,19,91,Ремонт окончен,ТО,5000.0,2024-08-29
349,957,407,В очереди,Поломка замков,60000.0,2024-08-09
350,849,936,Ремонт окончен,Ошибки электроники,40000.0,2024-08-22
351,382,466,Ремонтируется,ТО,5000.0,2024-09-12
352,398,448,В очереди,Ремонт вмятин,20000.0,2024-05-14
353,678,269,Ремонт окончен,Ошибки электроники,40000.0,2024-05-14
354,463,579,Ремонт окончен,Замена шин,15000.0,2024-09-11
355,313,749,Ремонт окончен,ТО,5000.0,2024-08-24
356,969,968,В очереди,Замена шин,15000.0,2024-09-05
357,651,876,В очереди,Поломка замков,60000.0,2024-08-24
358,649,157,Ремонт окончен,Поломка замков,60000.0,2024-08-30
359,784,868,В очереди,Замена шин,15000.0,2024-08-06
360,202,992,В очереди,Ремонт вмятин,20000.0,2024-07-25
361,744,453,Ремонт окончен,Ошибки электроники,40000.0,2024-08-06
362,315,544,Ремонтируется,Ошибки электроники,40000.0,2024-07-07
363,784,112,В очереди,Замена шин,15000.0,2024-09-09
364,685,370,Ремонтируется,Поломка замков,60000.0,2024-08-08
365,879,550,Ремонт окончен,Поломка замков,60000.0,2024-09-05
366,999,133,В очереди,Покраска,100000.0,2024-09-01
367,905,908,Ремонтируется,Ремонт вмятин,20000.0,2024-06-22
368,687,531,Ремонтируется,Покраска,100000.0,2024-08-16
369,837,637,Ремонт окончен,Ремонт вмятин,20000.0,2024-08-29
370,907,697,Ремонтируется,ТО,5000.0,2024-09-14
371,47,443,Ремонтируется,Покраска,100000.0,2024-09-06
372,454,286,Ремонт окончен,Поломка замков,60000.0,2024-07-14
373,296,533,Ремонт окончен,Полировка,1000.0,2024-08-26
374,797,959,Ремонт окончен,Покраска,100000.0,2024-06-05
375,758,692,В очереди,Полировка,1000.0,2024-09-17
376,358,709,Ремонт окончен,Ошибки электроники,40000.0,2024-09-13
377,564,183,Ремонтируется,Поломка замков,60000.0,2024-09-20
378,765,192,Ремонтируется,Полировка,1000.0,2024-09-14
379,517,604,В очереди,Ремонт вмятин,20000.0,2024-08-28
380,569,313,Ремонт окончен,Полировка,1000.0,2024-09-10
381,975,848,Ремонт окончен,Поломка замков,60000.0,2024-09-07
382,479,648,Ремонтируется,Ошибки электроники,40000.0,2024-08-27
383,393,674,Ремонтируется,Ремонт вмятин,20000.0,2024-08-03
384,94,889,Ремонт окончен,ТО,5000.0,2024-06-07
385,244,244,Ремонт окончен,Полировка,1000.0,2024-08-10
386,330,90,В очереди,Покраска,100000.0,2024-08-20
387,868,790,Ремонт окончен,Полировка,1000.0,2024-08-13
388,231,140,Ремонтируется,Полировка,1000.0,2024-08-16
389,97,925,Ремонтируется,Ошибки электроники,40000.0,2024-09-01
390,459,889,Ремонтируется,Ошибки электроники,40000.0,2024-07-01
391,30,787,Ремонтируется,Ремонт вмятин,20000.0,2024-08-30
392,398,426,Ремонтируется,Ремонт вмятин,20000.0,2024-05-14
393,722,581,Ремонт окончен,Покраска,100000.0,2024-09-15
394,63,61,В очереди,Ошибки электроники,40000.0,2024-08-17
395,283,639,В очереди,Ремонт вмятин,20000.0,2024-08-29
396,282,90,Ремонт окончен,Ремонт вмятин,20000.0,2024-08-11
397,330,31,Ремонтируется,Покраска,100000.0,2024-07-04
398,894,576,В очереди,Покраска,100000.0,2024-05-01
399,13,932,Ремонтируется,Покраска,100000.0,2024-08-14
400,541,155,Ремонт окончен,Покраска,100000.0,2024-09-04
401,481,282,В очереди,Покраска,100000.0,2024-07-12
402,149,391,В очереди,Покраска,100000.0,2024-09-17
403,537,459,Ремонт окончен,Поломка замков,60000.0,2024-09-19
404,136,727,Ремонт окончен,Замена шин,15000.0,2024-09-10
405,359,190,Ремонт окончен,ТО,5000.0,2024-08-07
406,923,512,Ремонт окончен,Покраска,100000.0,2024-08-14
407,20,577,Ремонтируется,Замена шин,15000.0,2024-07-21
408,446,661,В очереди,ТО,5000.0,2024-08-21
409,811,878,В очереди,Ремонт вмятин,20000.0,2024-07-26
410,847,610,Ремонтируется,Поломка замков,60000.0,2024-08-15
411,325,464,Ремонт окончен,Полировка,1000.0,2024-09-16
412,911,651,Ремонт окончен,ТО,5000.0,2024-07-08
413,17,305,Ремонт окончен,Ремонт вмятин,20000.0,2024-08-22
414,989,900,В очереди,Ошибки электроники,40000.0,2024-08-02
415,106,282,Ремонт окончен,ТО,5000.0,2024-08-18
416,681,820,В очереди,Поломка замков,60000.0,2024-05-22
417,365,135,Ремонт окончен,Ошибки электроники,40000.0,2024-08-10
418,486,328,Ремонтируется,Замена шин,15000.0,2024-08-13
419,850,595,В очереди,Покраска,100000.0,2024-09-11
420,127,795,Ремонтируется,Покраска,100000.0,2024-09-11
421,41,347,В очереди,ТО,5000.0,2024-09-06
422,216,513,Ремонтируется,Замена шин,15000.0,2024-05-30
423,343,275,Ремонт окончен,Замена шин,15000.0,2024-09-20
424,56,799,Ремонт окончен,Ошибки электроники,40000.0,2024-09-02
425,77,535,Ремонт окончен,ТО,5000.0,2024-05-15
426,118,318,Ремонт окончен,Ошибки электроники,40000.0,2024-09-16
427,871,432,В очереди,Поломка замков,60000.0,2024-09-11
428,755,278,Ремонт окончен,Покраска,100000.0,2024-09-08
429,384,629,Ремонт окончен,Покраска,100000.0,2024-08-23
430,259,727,В очереди,Покраска,100000.0,2024-09-20
431,701,151,Ремонт окончен,Ремонт вмятин,20000.0,2024-08-24
432,881,715,Ремонт окончен,Ремонт вмятин,20000.0,2024-09-20
433,660,96,В очереди,Ремонт вмятин,20000.0,2024-08-19
434,242,287,Ремонт окончен,Замена шин,15000.0,2024-08-04
435,747,983,Ремонтируется,Покраска,100000.0,2024-09-06
436,785,625,Ремонтируется,Поломка замков,60000.0,2024-08-24
437,134,587,Ремонт окончен,Покраска,100000.0,2024-09-20
438,24,599,Ремонтируется,ТО,5000.0,2024-09-21
439,115,369,Ремонтируется,Замена шин,15000.0,2024-09-15
440,170,958,Ремонт окончен,ТО,5000.0,2024-09-18
441,514,990,В очереди,Поломка замков,60000.0,2024-08-04
442,927,133,Ремонт окончен,Покраска,100000.0,2024-05-31
443,709,637,В очереди,Ошибки электроники,40000.0,2024-08-08
444,371,713,Ремонт окончен,Ремонт вмятин,20000.0,2024-06-24
445,935,74,В очереди,ТО,5000.0,2024-07-05
446,313,287,Ремонтируется,ТО,5000.0,2024-09-09
447,561,808,Ремонтируется,Ремонт вмятин,20000.0,2024-08-13
448,72,715,Ремонт окончен,ТО,5000.0,2024-09-12
449,366,189,В очереди,ТО,5000.0,2024-08-29
450,691,992,Ремонтируется,Ошибки электроники,40000.0,2024-08-02
451,122,480,Ремонт окончен,Ошибки электроники,40000.0,2024-07-28
452,541,316,В очереди,Покраска,100000.0,2024-08-21
453,711,282,Ремонтируется,Замена шин,15000.0,2024-07-16
454,822,243,Ремонт окончен,ТО,5000.0,2024-09-04
455,922,864,Ремонт окончен,Ремонт вмятин,20000.0,2024-07-26
456,707,442,Ремонтируется,Ошибки электроники,40000.0,2024-08-11
457,955,10,В очереди,Покраска,100000.0,2024-09-10
458,780,992,Ремонт окончен,Ошибки электроники,40000.0,2024-05-31
459,97,903,Ремонтируется,Ошибки электроники,40000.0,2024-07-25
460,368,911,Ремонтируется,Замена шин,15000.0,2024-06-14
461,176,956,Ремонтируется,Полировка,1000.0,2024-09-11
462,865,367,В очереди,Поломка замков,60000.0,2024-05-14
463,98,366,В очереди,Ошибки электроники,40000.0,2024-08-10
464,549,226,Ремонт окончен,Ошибки электроники,40000.0,2024-08-05
465,28,429,В очереди,Полировка,1000.0,2024-08-15
466,882,350,В очереди,Поломка замков,60000.0,2024-06-30
467,730,665,Ремонтируется,Ремонт вмятин,20000.0,2024-08-29
468,904,440,Ремонтируется,Ремонт вмятин,20000.0,2024-09-04
469,728,842,Ремонтируется,Ошибки электроники,40000.0,2024-09-12
470,788,626,Ремонт окончен,Ошибки электроники,40000.0,2024-07-21
471,534,418,Ремонт окончен,Замена шин,15000.0,2024-09-08
472,238,300,В очереди,Ошибки электроники,40000.0,2024-09-05
473,14,968,В очереди,Полировка,1000.0,2024-09-06
474,640,473,Ремонтируется,Покраска,100000.0,2024-09-11
475,743,884,В очереди,Покраска,100000.0,2024-09-20
476,745,777,Ремонт окончен,Поломка замков,60000.0,2024-09-11
477,699,665,В очереди,Замена шин,15000.0,2024-08-24
478,198,295,В очереди,Полировка,1000.0,2024-05-14
479,627,416,В очереди,Поломка замков,60000.0,2024-09-12
480,259,652,В очереди,Покраска,100000.0,2024-09-17
481,766,339,Ремонтируется,Поломка замков,60000.0,2024-07-15
482,143,852,Ремонт окончен,Ремонт вмятин,20000.0,2024-07-22
483,956,130,Ремонт окончен,Покраска,100000.0,2024-09-10
484,679,592,В очереди,Замена шин,15000.0,2024-09-11
485,674,218,В очереди,Поломка замков,60000.0,2024-06-30
486,943,785,В очереди,Поломка замков,60000.0,2024-09-06
487,396,620,Ремонтируется,ТО,5000.0,2024-07-01
488,206,628,Ремонтируется,Замена шин,15000.0,2024-09-19
489,377,596,Ремонтируется,ТО,5000.0,2024-08-04
490,384,380,В очереди,Покраска,100000.0,2024-08-21
491,988,13,В очереди,ТО,5000.0,2024-09-18
492,397,369,Ремонт окончен,Поломка замков,60000.0,2024-07-17
493,743,481,Ремонтируется,Покраска,100000.0,2024-09-09
494,807,422,Ремонтируется,ТО,5000.0,2024-09-14
495,969,505,Ремонтируется,Замена шин,15000.0,2024-07-24
496,185,376,Ремонт окончен,Покраска,100000.0,2024-09-11
497,498,64,В очереди,Полировка,1000.0,2024-08-28
498,254,479,В очереди,Ремонт вмятин,20000.0,2024-07-14
499,548,398,В очереди,Ошибки электроники,40000.0,2024-09-13
500,413,910,Ремонт окончен,Поломка замков,60000.0,2024-06-09
501,283,482,Ремонт окончен,Ремонт вмятин,20000.0,2024-08-26
502,882,200,Ремонтируется,Поломка замков,60000.0,2024-07-24
503,400,455,Ремонтируется,Поломка замков,60000.0,2024-09-18
504,824,386,Ремонт окончен,Покраска,100000.0,2024-07-26
505,104,850,В очереди,Покраска,100000.0,2024-05-03
506,10,96,Ремонт окончен,Ремонт вмятин,20000.0,2024-08-01
507,593,544,Ремонт окончен,Замена шин,15000.0,2024-06-27
508,351,879,В очереди,Замена шин,15000.0,2024-09-06
509,658,568,Ремонтируется,Поломка замков,60000.0,2024-08-08
510,899,424,Ремонт окончен,Ошибки электроники,40000.0,2024-09-03
511,264,715,Ремонт окончен,Полировка,1000.0,2024-09-16
512,240,768,Ремонтируется,Покраска,100000.0,2024-09-12
513,70,682,Ремонт окончен,Полировка,1000.0,2024-07-01
514,490,154,Ремонтируется,Покраска,100000.0,2024-09-07
515,727,528,Ремонт окончен,Полировка,1000.0,2024-08-31
516,261,50,Ремонт окончен,ТО,5000.0,2024-08-18
517,233,338,Ремонтируется,Ремонт вмятин,20000.0,2024-09-09
518,552,752,Ремонтируется,Замена шин,15000.0,2024-06-11
519,787,623,В очереди,ТО,5000.0,2024-07-16
520,256,769,В очереди,Ремонт вмятин,20000.0,2024-08-22
521,740,74,В очереди,Ремонт вмятин,20000.0,2024-08-12
522,627,637,Ремонтируется,Поломка замков,60000.0,2024-06-30
523,817,53,Ремонтируется,Поломка замков,60000.0,2024-08-13
524,719,42,Ремонтируется,Ремонт вмятин,20000.0,2024-09-13
525,931,365,В очереди,Ремонт вмятин,20000.0,2024-08-18
526,526,513,Ремонтируется,Замена шин,15000.0,2024-04-30
527,942,693,В очереди,ТО,5000.0,2024-09-05
528,796,133,Ремонтируется,Замена шин,15000.0,2024-08-07
529,586,23,Ремонтируется,Ремонт вмятин,20000.0,2024-06-21
530,99,224,Ремонтируется,Замена шин,15000.0,2024-08-25
531,522,130,В очереди,Покраска,100000.0,2024-09-10
532,235,355,Ремонтируется,Поломка замков,60000.0,2024-06-24
533,564,953,Ремонт окончен,Поломка замков,60000.0,2024-08-08
534,787,364,В очереди,ТО,5000.0,2024-09-19
535,162,890,Ремонт окончен,Полировка,1000.0,2024-08-12
536,860,42,В очереди,Замена шин,15000.0,2024-08-25
537,502,895,В очереди,Полировка,1000.0,2024-08-23
538,251,735,В очереди,Ремонт вмятин,20000.0,2024-08-23
539,500,467,В очереди,Ошибки электроники,40000.0,2024-08-25
540,301,505,В очереди,Ошибки электроники,40000.0,2024-06-18
541,154,484,В очереди,Покраска,100000.0,2024-08-24
542,191,9,Ремонт окончен,ТО,5000.0,2024-09-08
543,852,616,Ремонт окончен,Замена шин,15000.0,2024-09-09
544,148,339,Ремонтируется,Замена шин,15000.0,2024-06-24
545,530,921,Ремонт окончен,Ошибки электроники,40000.0,2024-09-09
546,489,372,В очереди,Полировка,1000.0,2024-09-08
547,396,550,Ремонтируется,ТО,5000.0,2024-08-18
548,922,647,Ремонт окончен,Ремонт вмятин,20000.0,2024-09-19
549,90,932,Ремонтируется,Ошибки электроники,40000.0,2024-09-14
550,918,712,В очереди,Замена шин,15000.0,2024-09-21
551,308,640,Ремонтируется,Покраска,100000.0,2024-06-15
552,79,47,Ремонтируется,Полировка,1000.0,2024-09-13
553,932,302,Ремонтируется,Полировка,1000.0,2024-08-06
554,488,968,Ремонт окончен,Ошибки электроники,40000.0,2024-09-21
555,179,515,Ремонтируется,Полировка,1000.0,2024-08-08
556,415,136,В очереди,Поломка замков,60000.0,2024-07-17
557,278,712,Ремонтируется,Ошибки электроники,40000.0,2024-09-13
558,187,869,В очереди,Полировка,1000.0,2024-05-12
559,202,603,Ремонт окончен,Ремонт вмятин,20000.0,2024-07-22
560,260,193,Ремонтируется,Замена шин,15000.0,2024-09-14
561,556,845,В очереди,Ошибки электроники,40000.0,2024-07-30
562,980,837,Ремонт окончен,Ошибки электроники,40000.0,2024-08-29
563,306,351,Ремонтируется,Ошибки электроники,40000.0,2024-09-19
564,509,4,Ремонт окончен,Поломка замков,60000.0,2024-08-14
565,82,384,Ремонт окончен,Полировка,1000.0,2024-08-31
566,708,506,Ремонт окончен,Покраска,100000.0,2024-08-28
567,168,139,Ремонтируется,Замена шин,15000.0,2024-08-08
568,439,682,Ремонт окончен,Покраска,100000.0,2024-08-21
569,944,596,В очереди,Покраска,100000.0,2024-08-19
570,847,567,Ремонт окончен,Поломка замков,60000.0,2024-07-16
571,18,610,Ремонтируется,Ошибки электроники,40000.0,2024-09-09
572,992,110,В очереди,Ошибки электроники,40000.0,2024-08-24
573,904,493,В очереди,Ремонт вмятин,20000.0,2024-08-03
574,480,169,Ремонт окончен,Поломка замков,60000.0,2024-09-19
575,144,336,Ремонтируется,Ремонт вмятин,20000.0,2024-09-18
576,801,784,Ремонтируется,Замена шин,15000.0,2024-06-18
577,524,588,Ремонтируется,Покраска,100000.0,2024-07-23
578,36,196,Ремонтируется,Ремонт вмятин,20000.0,2024-08-30
579,722,818,Ремонт окончен,Покраска,100000.0,2024-09-17
580,148,574,Ремонт окончен,Замена шин,15000.0,2024-08-22
581,963,576,Ремонтируется,Покраска,100000.0,2024-09-17
582,60,350,Ремонт окончен,Ремонт вмятин,20000.0,2024-08-03
583,507,668,Ремонтируется,Покраска,100000.0,2024-07-26
584,549,966,В очереди,Ошибки электроники,40000.0,2024-09-13
585,84,393,В очереди,Покраска,100000.0,2024-08-28
586,733,83,В очереди,Покраска,100000.0,2024-07-19
587,846,182,Ремонтируется,Замена шин,15000.0,2024-09-17
588,159,156,Ремонтируется,ТО,5000.0,2024-09-19
589,466,227,Ремонт окончен,Покраска,100000.0,2024-08-20
590,195,717,Ремонт окончен,Ошибки электроники,40000.0,2024-09-16
591,542,299,В очереди,Полировка,1000.0,2024-08-31
592,647,862,Ремонт окончен,Ремонт вмятин,20000.0,2024-08-13
593,953,590,В очереди,Полировка,1000.0,2024-08-05
594,754,855,Ремонт окончен,Полировка,1000.0,2024-07-12
595,161,629,Ремонтируется,Ошибки электроники,40000.0,2024-08-28
596,196,411,Ремонтируется,Ремонт вмятин,20000.0,2024-08-09
597,278,231,Ремонтируется,Ошибки электроники,40000.0,2024-06-16
598,281,957,Ремонтируется,Замена шин,15000.0,2024-08-08
599,136,970,Ремонт окончен,Замена шин,15000.0,2024-09-13
600,834,417,В очереди,Ремонт вмятин,20000.0,2024-09-14
601,921,717,Ремонт окончен,Ошибки электроники,40000.0,2024-09-17
602,939,615,Ремонт окончен,Поломка замков,60000.0,2024-05-28
603,154,219,Ремонтируется,Покраска,100000.0,2024-08-03
604,361,350,Ремонтируется,Замена шин,15000.0,2024-07-10
605,151,688,В очереди,Ремонт вмятин,20000.0,2024-08-30
606,864,444,Ремонтируется,Полировка,1000.0,2024-08-31
607,922,826,Ремонт окончен,Ремонт вмятин,20000.0,2024-09-19
608,927,913,В очереди,Покраска,100000.0,2024-09-04
609,641,298,Ремонт окончен,ТО,5000.0,2024-09-01
610,698,15,Ремонт окончен,Замена шин,15000.0,2024-09-21
611,775,505,Ремонт окончен,Замена шин,15000.0,2024-07-12
612,212,483,Ремонт окончен,ТО,5000.0,2024-09-12
613,380,247,Ремонт окончен,Поломка замков,60000.0,2024-09-12
614,845,329,Ремонт окончен,Поломка замков,60000.0,2024-07-23
615,438,276,Ремонт окончен,Ремонт вмятин,20000.0,2024-06-19
616,947,322,Ремонт окончен,Поломка замков,60000.0,2024-08-09
617,68,653,В очереди,Полировка,1000.0,2024-09-01
618,98,552,Ремонт окончен,Ошибки электроники,40000.0,2024-09-17
619,309,246,Ремонтируется,Замена шин,15000.0,2024-09-11
620,314,375,В очереди,Покраска,100000.0,2024-09-15
621,756,847,В очереди,Поломка замков,60000.0,2024-07-30
622,174,265,В очереди,Поломка замков,60000.0,2024-08-11
623,455,364,Ремонт окончен,Поломка замков,60000.0,2024-08-19
624,512,768,Ремонтируется,ТО,5000.0,2024-09-11
625,721,852,В очереди,Поломка замков,60000.0,2024-09-14
626,482,845,В очереди,Покраска,100000.0,2024-08-01
627,970,157,Ремонт окончен,Ремонт вмятин,20000.0,2024-08-22
628,891,810,В очереди,Ошибки электроники,40000.0,2024-09-19
629,413,174,В очереди,Поломка замков,60000.0,2024-08-14
630,794,962,Ремонтируется,ТО,5000.0,2024-08-25
631,123,523,Ремонт окончен,Ошибки электроники,40000.0,2024-06-05
632,931,66,Ремонтируется,Ремонт вмятин,20000.0,2024-08-02
633,861,958,В очереди,ТО,5000.0,2024-09-18
634,96,455,В очереди,Замена шин,15000.0,2024-09-18
635,110,57,Ремонтируется,Покраска,100000.0,2024-07-29
636,638,709,В очереди,Замена шин,15000.0,2024-08-29
637,763,36,Ремонт окончен,Замена шин,15000.0,2024-09-20
638,4,580,Ремонтируется,Замена шин,15000.0,2024-07-16
639,209,284,Ремонтируется,Полировка,1000.0,2024-06-12
640,632,189,Ремонтируется,Ремонт вмятин,20000.0,2024-09-06
641,930,964,Ремонтируется,Покраска,100000.0,2024-09-21
642,448,258,Ремонтируется,Покраска,100000.0,2024-08-12
643,384,861,Ремонт окончен,Покраска,100000.0,2024-08-15
644,695,274,Ремонтируется,ТО,5000.0,2024-09-16
645,527,297,Ремонтируется,ТО,5000.0,2024-09-21
646,768,873,В очереди,ТО,5000.0,2024-09-20
647,930,219,В очереди,Покраска,100000.0,2024-09-08
648,849,618,В очереди,Ошибки электроники,40000.0,2024-09-13
649,738,681,В очереди,Поломка замков,60000.0,2024-08-30
650,690,64,В очереди,Покраска,100000.0,2024-09-08
651,10,806,В очереди,Ремонт вмятин,20000.0,2024-09-21
652,502,956,Ремонтируется,Полировка,1000.0,2024-09-08
653,781,288,Ремонт окончен,Ремонт вмятин,20000.0,2024-08-24
654,108,726,В очереди,Ошибки электроники,40000.0,2024-07-18
655,136,166,Ремонтируется,Замена шин,15000.0,2024-08-07
656,403,213,Ремонт окончен,Замена шин,15000.0,2024-09-16
657,293,575,В очереди,Покраска,100000.0,2024-08-20
658,593,754,В очереди,Замена шин,15000.0,2024-08-28
659,408,568,Ремонт окончен,Полировка,1000.0,2024-09-19
660,960,861,В очереди,ТО,5000.0,2024-06-09
661,774,354,В очереди,Поломка замков,60000.0,2024-09-17
662,97,420,Ремонтируется,Ошибки электроники,40000.0,2024-09-09
663,382,799,Ремонт окончен,ТО,5000.0,2024-08-08
664,880,714,Ремонтируется,ТО,5000.0,2024-09-19
665,478,961,Ремонт окончен,Ремонт вмятин,20000.0,2024-08-25
666,146,554,В очереди,Ошибки электроники,40000.0,2024-06-29
667,802,779,В очереди,ТО,5000.0,2024-06-23
668,577,753,Ремонт окончен,Ремонт вмятин,20000.0,2024-09-19
669,236,382,Ремонт окончен,ТО,5000.0,2024-09-14
670,371,213,В очереди,Ремонт вмятин,20000.0,2024-09-19
671,496,250,Ремонтируется,Ремонт вмятин,20000.0,2024-09-10
672,126,334,В очереди,Поломка замков,60000.0,2024-09-10
673,778,930,В очереди,Замена шин,15000.0,2024-09-07
674,591,628,Ремонт окончен,Ремонт вмятин,20000.0,2024-09-15
675,655,203,В очереди,Полировка,1000.0,2024-08-05
676,563,898,Ремонт окончен,Ошибки электроники,40000.0,2024-08-05
677,969,224,Ремонт окончен,Замена шин,15000.0,2024-08-05
678,863,11,Ремонтируется,Поломка замков,60000.0,2024-08-13
679,229,823,Ремонт окончен,ТО,5000.0,2024-08-10
680,122,83,Ремонт окончен,Ошибки электроники,40000.0,2024-08-17
681,96,101,Ремонт окончен,Замена шин,15000.0,2024-06-27
682,131,25,Ремонтируется,Ошибки электроники,40000.0,2024-08-19
683,880,736,Ремонт окончен,ТО,5000.0,2024-08-05
684,69,143,Ремонт окончен,Полировка,1000.0,2024-08-25
685,794,523,Ремонт окончен,ТО,5000.0,2024-07-18
686,404,852,В очереди,Ошибки электроники,40000.0,2024-09-12
687,912,998,Ремонтируется,Ремонт вмятин,20000.0,2024-06-08
688,831,69,В очереди,Ремонт вмятин,20000.0,2024-08-26
689,912,203,Ремонтируется,Ремонт вмятин,20000.0,2024-08-16
690,451,638,В очереди,Полировка,1000.0,2024-08-08
691,460,366,Ремонт окончен,Поломка замков,60000.0,2024-08-21
692,176,752,Ремонтируется,Полировка,1000.0,2024-09-18
693,291,46,Ремонт окончен,Полировка,1000.0,2024-08-20
694,292,331,Ремонтируется,Ремонт вмятин,20000.0,2024-09-06
695,422,148,В очереди,Замена шин,15000.0,2024-09-16
696,913,4,Ремонтируется,Замена шин,15000.0,2024-08-29
697,96,327,Ремонтируется,Замена шин,15000.0,2024-06-11
698,686,333,Ремонтируется,Покраска,100000.0,2024-08-22
699,569,147,В очереди,Полировка,1000.0,2024-09-06
700,683,240,Ремонт окончен,Ошибки электроники,40000.0,2024-07-14
701,41,481,Ремонт окончен,ТО,5000.0,2024-08-26
702,646,376,В очереди,Ремонт вмятин,20000.0,2024-09-12
703,571,400,В очереди,ТО,5000.0,2024-09-20
704,722,404,Ремонтируется,Покраска,100000.0,2024-08-28
705,894,300,Ремонт окончен,Покраска,100000.0,2024-09-05
706,485,581,В очереди,Ошибки электроники,40000.0,2024-09-18
707,181,575,В очереди,Полировка,1000.0,2024-09-01
708,216,913,В очереди,Замена шин,15000.0,2024-09-21
709,557,3,Ремонтируется,ТО,5000.0,2024-09-05
710,381,857,Ремонт окончен,ТО,5000.0,2024-09-11
711,922,893,В очереди,Ремонт вмятин,20000.0,2024-09-20
712,235,636,Ремонт окончен,Поломка замков,60000.0,2024-09-03
713,575,755,В очереди,Ремонт вмятин,20000.0,2024-09-09
714,773,620,Ремонт окончен,Полировка,1000.0,2024-08-15
715,284,314,Ремонт окончен,Ремонт вмятин,20000.0,2024-09-21
716,34,773,Ремонтируется,Полировка,1000.0,2024-06-20
717,533,585,Ремонт окончен,Ошибки электроники,40000.0,2024-06-24
718,283,866,В очереди,Ремонт вмятин,20000.0,2024-09-08
719,9,235,В очереди,Покраска,100000.0,2024-09-19
720,703,632,В очереди,Покраска,100000.0,2024-07-25
721,961,446,Ремонтируется,Ремонт вмятин,20000.0,2024-07-29
722,478,567,Ремонт окончен,Ремонт вмятин,20000.0,2024-09-18
723,289,490,В очереди,Ошибки электроники,40000.0,2024-08-25
724,856,751,Ремонтируется,ТО,5000.0,2024-08-29
725,686,204,В очереди,Покраска,100000.0,2024-08-29
726,910,53,Ремонт окончен,Поломка замков,60000.0,2024-07-22
727,817,239,Ремонтируется,Поломка замков,60000.0,2024-09-19
728,915,145,В очереди,Поломка замков,60000.0,2024-08-01
729,581,609,В очереди,Замена шин,15000.0,2024-09-17
730,635,455,Ремонт окончен,Поломка замков,60000.0,2024-09-19
731,596,432,В очереди,Замена шин,15000.0,2024-04-27
732,541,224,Ремонт окончен,Покраска,100000.0,2024-07-20
733,200,889,В очереди,Полировка,1000.0,2024-08-11
734,40,345,Ремонтируется,Замена шин,15000.0,2024-08-06
735,693,379,Ремонт окончен,Ошибки электроники,40000.0,2024-08-28
736,627,700,Ремонтируется,Поломка замков,60000.0,2024-09-04
737,655,182,В очереди,Полировка,1000.0,2024-07-09
738,755,379,Ремонтируется,Покраска,100000.0,2024-07-27
739,482,171,Ремонтируется,Покраска,100000.0,2024-09-17
740,163,798,Ремонтируется,Ремонт вмятин,20000.0,2024-08-12
741,289,323,Ремонт окончен,Ошибки электроники,40000.0,2024-07-29
742,888,922,В очереди,Полировка,1000.0,2024-09-19
743,999,597,Ремонтируется,Покраска,100000.0,2024-09-14
744,466,77,Ремонтируется,Покраска,100000.0,2024-09-05
745,809,135,Ремонтируется,ТО,5000.0,2024-06-18
746,252,834,Ремонтируется,Полировка,1000.0,2024-06-04
747,267,986,В очереди,Полировка,1000.0,2024-08-10
748,472,262,В очереди,Поломка замков,60000.0,2024-08-25
749,839,787,Ремонт окончен,ТО,5000.0,2024-07-30
750,615,802,Ремонт окончен,Замена шин,15000.0,2024-09-19
751,873,955,В очереди,ТО,5000.0,2024-09-08
752,209,695,Ремонтируется,Полировка,1000.0,2024-08-11
753,279,195,В очереди,Замена шин,15000.0,2024-08-24
754,353,412,Ремонт окончен,ТО,5000.0,2024-09-20
755,673,668,Ремонтируется,ТО,5000.0,2024-09-13
756,969,97,Ремонт окончен,Замена шин,15000.0,2024-09-07
757,835,631,Ремонтируется,Ремонт вмятин,20000.0,2024-09-04
758,350,661,Ремонтируется,Поломка замков,60000.0,2024-08-01
759,860,287,В очереди,Замена шин,15000.0,2024-08-14
760,606,499,Ремонтируется,Замена шин,15000.0,2024-09-19
761,187,132,Ремонт окончен,Полировка,1000.0,2024-09-01
762,278,808,В очереди,Ошибки электроники,40000.0,2024-09-01
763,351,118,В очереди,Замена шин,15000.0,2024-08-21
764,706,795,В очереди,ТО,5000.0,2024-06-23
765,905,51,Ремонтируется,Ремонт вмятин,20000.0,2024-09-19
766,967,148,Ремонтируется,ТО,5000.0,2024-09-09
767,230,447,Ремонт окончен,Ремонт вмятин,20000.0,2024-09-12
768,891,885,Ремонтируется,Ошибки электроники,40000.0,2024-09-21
769,788,730,В очереди,Ошибки электроники,40000.0,2024-09-20
770,741,947,В очереди,ТО,5000.0,2024-09-21
771,217,534,В очереди,Полировка,1000.0,2024-08-24
772,192,23,Ремонт окончен,ТО,5000.0,2024-08-12
773,549,107,В очереди,Ошибки электроники,40000.0,2024-05-10
774,939,91,Ремонт окончен,Поломка замков,60000.0,2024-08-17
775,423,794,В очереди,ТО,5000.0,2024-07-25
776,817,174,Ремонтируется,Поломка замков,60000.0,2024-08-20
777,89,144,В очереди,Поломка замков,60000.0,2024-08-05
778,829,765,Ремонт окончен,Ошибки электроники,40000.0,2024-09-19
779,857,94,В очереди,Ошибки электроники,40000.0,2024-09-15
780,798,37,Ремонт окончен,Ошибки электроники,40000.0,2024-08-05
781,576,422,Ремонт окончен,Ремонт вмятин,20000.0,2024-09-12
782,371,173,В очереди,Ремонт вмятин,20000.0,2024-09-06
783,17,79,Ремонт окончен,Ремонт вмятин,20000.0,2024-09-16
784,563,333,Ремонт окончен,Ошибки электроники,40000.0,2024-07-26
785,576,929,Ремонт окончен,Ремонт вмятин,20000.0,2024-07-19
786,123,708,Ремонт окончен,Ошибки электроники,40000.0,2024-08-04
787,870,437,Ремонт окончен,Ошибки электроники,40000.0,2024-09-11
788,51,264,Ремонт окончен,Замена шин,15000.0,2024-06-28
789,881,449,Ремонт окончен,Ремонт вмятин,20000.0,2024-09-12
790,297,90,Ремонт окончен,Ремонт вмятин,20000.0,2024-08-14
791,477,721,Ремонтируется,Замена шин,15000.0,2024-08-26
792,218,55,Ремонтируется,ТО,5000.0,2024-09-20
793,801,276,Ремонтируется,Замена шин,15000.0,2024-09-11
794,973,339,Ремонт окончен,ТО,5000.0,2024-07-22
795,31,386,Ремонтируется,ТО,5000.0,2024-07-15
796,631,423,Ремонтируется,Поломка замков,60000.0,2024-09-13
797,423,565,Ремонт окончен,ТО,5000.0,2024-09-15
798,900,503,Ремонт окончен,Полировка,1000.0,2024-09-18
799,31,604,В очереди,ТО,5000.0,2024-09-06
800,699,109,В очереди,Замена шин,15000.0,2024-08-22
801,140,952,В очереди,Поломка замков,60000.0,2024-09-02
802,142,474,Ремонт окончен,Ошибки электроники,40000.0,2024-08-23
803,776,784,Ремонт окончен,Полировка,1000.0,2024-07-10
804,35,666,В очереди,Ошибки электроники,40000.0,2024-09-20
805,199,437,Ремонт окончен,Ремонт вмятин,20000.0,2024-09-14
806,194,582,В очереди,Полировка,1000.0,2024-07-25
807,173,619,Ремонт окончен,Полировка,1000.0,2024-09-10
808,102,410,Ремонтируется,Покраска,100000.0,2024-07-07
809,820,516,Ремонт окончен,Замена шин,15000.0,2024-07-22
810,427,455,Ремонт окончен,Ремонт вмятин,20000.0,2024-09-17
811,831,812,Ремонт окончен,Ремонт вмятин,20000.0,2024-08-12
812,275,732,В очереди,Замена шин,15000.0,2024-08-30
813,987,54,В очереди,ТО,5000.0,2024-07-17
814,900,297,В очереди,Полировка,1000.0,2024-09-17
815,89,903,В очереди,Поломка замков,60000.0,2024-07-14
816,32,691,В очереди,Ошибки электроники,40000.0,2024-07-27
817,43,221,Ремонтируется,Полировка,1000.0,2024-08-22
818,469,823,Ремонтируется,Замена шин,15000.0,2024-09-09
819,597,838,В очереди,ТО,5000.0,2024-09-04
820,168,469,В очереди,Замена шин,15000.0,2024-08-18
821,499,395,Ремонтируется,Покраска,100000.0,2024-09-19
822,637,474,В очереди,Замена шин,15000.0,2024-08-05
823,258,839,Ремонт окончен,ТО,5000.0,2024-07-28
824,66,172,В очереди,ТО,5000.0,2024-09-10
825,563,526,В очереди,Ошибки электроники,40000.0,2024-09-05
826,108,914,Ремонт окончен,Ошибки электроники,40000.0,2024-07-11
827,978,151,Ремонт окончен,Поломка замков,60000.0,2024-09-09
828,502,478,Ремонтируется,Полировка,1000.0,2024-06-03
829,995,55,Ремонт окончен,Ремонт вмятин,20000.0,2024-08-28
830,1,196,Ремонт окончен,ТО,5000.0,2024-08-26
831,177,269,В очереди,Полировка,1000.0,2024-08-03
832,202,717,Ремонтируется,Ремонт вмятин,20000.0,2024-08-06
833,818,967,Ремонт окончен,Покраска,100000.0,2024-08-06
834,44,753,Ремонт окончен,ТО,5000.0,2024-08-16
835,589,394,В очереди,Полировка,1000.0,2024-09-16
836,439,915,Ремонтируется,Покраска,100000.0,2024-08-07
837,694,297,Ремонтируется,Замена шин,15000.0,2024-09-09
838,17,464,Ремонт окончен,Ремонт вмятин,20000.0,2024-09-03
839,955,140,В очереди,Покраска,100000.0,2024-09-03
840,363,917,В очереди,Поломка замков,60000.0,2024-08-19
841,390,533,Ремонтируется,Поломка замков,60000.0,2024-08-17
842,250,531,Ремонтируется,Поломка замков,60000.0,2024-07-25
843,847,471,Ремонт окончен,Поломка замков,60000.0,2024-07-27
844,59,984,В очереди,Покраска,100000.0,2024-08-05
845,375,568,В очереди,Замена шин,15000.0,2024-09-20
846,415,367,В очереди,Поломка замков,60000.0,2024-08-12
847,658,785,Ремонт окончен,Поломка замков,60000.0,2024-09-21
848,46,898,Ремонт окончен,ТО,5000.0,2024-04-23
849,464,688,Ремонтируется,Полировка,1000.0,2024-09-10
850,812,142,Ремонтируется,Полировка,1000.0,2024-07-29
851,924,598,Ремонт окончен,Ремонт вмятин,20000.0,2024-08-02
852,361,178,Ремонтируется,Замена шин,15000.0,2024-07-17
853,150,139,В очереди,Замена шин,15000.0,2024-09-02
854,878,803,В очереди,Ошибки электроники,40000.0,2024-08-26
855,263,716,Ремонт окончен,Полировка,1000.0,2024-06-03
856,805,481,Ремонтируется,Полировка,1000.0,2024-09-17
857,28,942,Ремонт окончен,Полировка,1000.0,2024-09-21
858,543,430,Ремонт окончен,ТО,5000.0,2024-07-09
859,347,703,Ремонт окончен,Замена шин,15000.0,2024-09-04
860,16,699,Ремонтируется,Полировка,1000.0,2024-09-20
861,23,654,Ремонтируется,Полировка,1000.0,2024-09-17
862,43,951,Ремонтируется,Полировка,1000.0,2024-07-19
863,327,102,Ремонт окончен,Покраска,100000.0,2024-08-05
864,816,965,В очереди,Ремонт вмятин,20000.0,2024-08-31
865,285,849,В очереди,Полировка,1000.0,2024-08-24
866,959,684,Ремонт окончен,Ошибки электроники,40000.0,2024-09-12
867,717,819,Ремонтируется,Замена шин,15000.0,2024-09-09
868,746,321,В очереди,Ошибки электроники,40000.0,2024-08-31
869,421,303,Ремонт окончен,Ремонт вмятин,20000.0,2024-09-20
870,107,543,Ремонтируется,Ошибки электроники,40000.0,2024-07-20
871,819,718,Ремонтируется,Полировка,1000.0,2024-09-10
872,59,122,Ремонтируется,Покраска,100000.0,2024-08-22
873,305,224,Ремонт окончен,ТО,5000.0,2024-09-18
874,460,385,В очереди,Поломка замков,60000.0,2024-07-14
875,102,460,Ремонт окончен,Покраска,100000.0,2024-08-07
876,257,718,Ремонт окончен,Полировка,1000.0,2024-07-23
877,431,498,Ремонтируется,Покраска,100000.0,2024-06-23
878,416,751,Ремонт окончен,Ошибки электроники,40000.0,2024-09-03
879,561,631,Ремонт окончен,Ремонт вмятин,20000.0,2024-07-21
880,918,452,Ремонтируется,Замена шин,15000.0,2024-06-19
881,475,454,Ремонтируется,Покраска,100000.0,2024-08-24
882,638,68,В очереди,Замена шин,15000.0,2024-07-21
883,639,569,В очереди,Ошибки электроники,40000.0,2024-09-12
884,86,79,В очереди,Покраска,100000.0,2024-09-17
885,172,112,Ремонт окончен,ТО,5000.0,2024-08-01
886,820,253,Ремонтируется,Замена шин,15000.0,2024-06-19
887,66,634,Ремонт окончен,ТО,5000.0,2024-08-30
888,256,142,Ремонт окончен,Ремонт вмятин,20000.0,2024-07-09
889,227,240,В очереди,Ошибки электроники,40000.0,2024-08-12
890,188,824,Ремонтируется,Ошибки электроники,40000.0,2024-09-04
891,735,739,Ремонт окончен,Покраска,100000.0,2024-09-21
892,817,447,В очереди,Поломка замков,60000.0,2024-09-20
893,23,500,Ремонт окончен,Полировка,1000.0,2024-09-13
894,252,302,Ремонт окончен,Полировка,1000.0,2024-08-03
895,759,385,Ремонт окончен,Покраска,100000.0,2024-06-25
896,241,960,Ремонтируется,Поломка замков,60000.0,2024-09-20
897,436,708,Ремонтируется,Покраска,100000.0,2024-07-06
898,540,701,Ремонт окончен,Покраска,100000.0,2024-07-01
899,582,186,Ремонтируется,Ремонт вмятин,20000.0,2024-08-19
900,705,544,Ремонт окончен,Ремонт вмятин,20000.0,2024-07-21
901,964,937,В очереди,Замена шин,15000.0,2024-09-20
902,567,913,В очереди,Полировка,1000.0,2024-09-12
903,551,300,В очереди,Замена шин,15000.0,2024-08-26
904,781,663,В очереди,Ремонт вмятин,20000.0,2024-07-02
905,869,633,В очереди,Ошибки электроники,40000.0,2024-09-21
906,206,736,В очереди,Замена шин,15000.0,2024-08-17
907,738,395,Ремонт окончен,Поломка замков,60000.0,2024-09-03
908,562,56,В очереди,Поломка замков,60000.0,2024-08-02
909,341,919,Ремонтируется,Полировка,1000.0,2024-06-10
910,399,202,Ремонт окончен,Ошибки электроники,40000.0,2024-07-26
911,648,533,Ремонт окончен,ТО,5000.0,2024-09-03
912,846,235,Ремонт окончен,Замена шин,15000.0,2024-09-11
913,343,730,Ремонтируется,Замена шин,15000.0,2024-08-15
914,204,691,Ремонтируется,Поломка замков,60000.0,2024-08-02
915,50,674,Ремонт окончен,Поломка замков,60000.0,2024-08-14
916,605,867,В очереди,Поломка замков,60000.0,2024-07-23
917,559,959,В очереди,Полировка,1000.0,2024-09-01
918,928,371,Ремонт окончен,Покраска,100000.0,2024-08-16
919,284,422,В очереди,Ремонт вмятин,20000.0,2024-09-19
920,373,362,Ремонт окончен,Поломка замков,60000.0,2024-09-12
921,835,821,Ремонт окончен,Ремонт вмятин,20000.0,2024-09-17
922,297,885,В очереди,Ремонт вмятин,20000.0,2024-09-21
923,420,968,Ремонтируется,Полировка,1000.0,2024-08-31
924,711,245,Ремонт окончен,Замена шин,15000.0,2024-06-12
925,756,43,Ремонтируется,Поломка замков,60000.0,2024-09-17
926,742,697,Ремонт окончен,Ремонт вмятин,20000.0,2024-07-28
927,198,222,В очереди,Полировка,1000.0,2024-06-18
928,831,825,Ремонтируется,Ремонт вмятин,20000.0,2024-08-24
929,867,633,В очереди,Покраска,100000.0,2024-09-10
930,688,736,Ремонтируется,Поломка замков,60000.0,2024-06-05
931,432,347,В очереди,Покраска,100000.0,2024-08-24
932,142,225,Ремонтируется,Ошибки электроники,40000.0,2024-08-12
933,830,110,Ремонт окончен,Замена шин,15000.0,2024-08-08
934,275,15,Ремонт окончен,Замена шин,15000.0,2024-08-23
935,879,590,В очереди,Поломка замков,60000.0,2024-08-13
936,919,674,В очереди,Полировка,1000.0,2024-09-15
937,24,613,Ремонт окончен,ТО,5000.0,2024-05-17
938,578,623,Ремонтируется,Полировка,1000.0,2024-08-10
939,790,417,Ремонтируется,Покраска,100000.0,2024-08-06
940,9,442,Ремонтируется,Покраска,100000.0,2024-06-20
941,472,784,Ремонт окончен,Поломка замков,60000.0,2024-07-02
942,167,319,В очереди,Ошибки электроники,40000.0,2024-09-20
943,833,380,Ремонтируется,Замена шин,15000.0,2024-09-08
944,196,340,Ремонтируется,Ремонт вмятин,20000.0,2024-09-11
945,886,313,Ремонт окончен,Поломка замков,60000.0,2024-08-16
946,687,745,Ремонтируется,Покраска,100000.0,2024-06-12
947,968,228,В очереди,Замена шин,15000.0,2024-07-25
948,320,294,Ремонтируется,Ремонт вмятин,20000.0,2024-09-19
949,219,587,В очереди,Ошибки электроники,40000.0,2024-09-19
950,738,568,Ремонт окончен,Поломка замков,60000.0,2024-08-06
951,441,206,В очереди,Ремонт вмятин,20000.0,2024-08-05
952,23,853,В очереди,Полировка,1000.0,2024-09-19
953,10,10,Ремонтируется,Ремонт вмятин,20000.0,2024-08-25
954,287,118,В очереди,Полировка,1000.0,2024-09-11
955,354,217,Ремонтируется,Ошибки электроники,40000.0,2024-08-29
956,443,933,Ремонт окончен,Замена шин,15000.0,2024-05-28
957,477,365,В очереди,Замена шин,15000.0,2024-08-06
958,335,698,В очереди,Замена шин,15000.0,2024-05-16
959,546,702,В очереди,Поломка замков,60000.0,2024-09-12
960,912,74,В очереди,Ремонт вмятин,20000.0,2024-09-12
961,492,351,Ремонт окончен,Замена шин,15000.0,2024-07-28
962,253,458,Ремонтируется,Поломка замков,60000.0,2024-08-20
963,507,214,Ремонт окончен,Покраска,100000.0,2024-07-05
964,550,676,Ремонт окончен,Полировка,1000.0,2024-06-19
965,520,475,В очереди,Ошибки электроники,40000.0,2024-09-15
966,805,193,Ремонтируется,Полировка,1000.0,2024-09-20
967,801,41,В очереди,Замена шин,15000.0,2024-08-31
968,754,521,В очереди,Полировка,1000.0,2024-08-04
969,426,167,Ремонтируется,ТО,5000.0,2024-09-18
970,827,624,Ремонт окончен,Ошибки электроники,40000.0,2024-08-21
971,641,309,В очереди,ТО,5000.0,2024-09-07
972,167,102,Ремонтируется,Ошибки электроники,40000.0,2024-08-05
973,235,852,В очереди,Поломка замков,60000.0,2024-09-06
974,70,291,В очереди,Полировка,1000.0,2024-08-06
975,491,30,Ремонт окончен,ТО,5000.0,2024-09-19
976,965,170,Ремонтируется,Ремонт вмятин,20000.0,2024-08-03
977,205,36,Ремонтируется,Ошибки электроники,40000.0,2024-09-19
978,469,152,Ремонт окончен,Замена шин,15000.0,2024-05-20
979,377,746,Ремонтируется,ТО,5000.0,2024-08-30
980,741,282,Ремонт окончен,ТО,5000.0,2024-08-21
981,378,460,Ремонтируется,ТО,5000.0,2024-07-06
982,109,368,Ремонтируется,Замена шин,15000.0,2024-08-13
983,599,280,Ремонтируется,Замена шин,15000.0,2024-06-21
984,245,508,В очереди,ТО,5000.0,2024-08-10
985,443,563,Ремонт окончен,Замена шин,15000.0,2024-08-16
986,116,705,Ремонт окончен,Ремонт вмятин,20000.0,2024-09-09
987,392,939,Ремонт окончен,ТО,5000.0,2024-09-08
988,722,296,В очереди,Покраска,100000.0,2024-05-17
989,463,213,Ремонтируется,Замена шин,15000.0,2024-09-16
990,374,725,Ремонтируется,Поломка замков,60000.0,2024-09-14
991,312,814,Ремонтируется,Ремонт вмятин,20000.0,2024-07-26
992,907,668,В очереди,ТО,5000.0,2024-08-10
993,963,804,Ремонтируется,Покраска,100000.0,2024-09-09
994,689,246,В очереди,Ремонт вмятин,20000.0,2024-07-29
995,973,847,Ремонтируется,ТО,5000.0,2024-08-06
996,315,852,Ремонтируется,Ошибки электроники,40000.0,2024-09-13
997,559,328,В очереди,Полировка,1000.0,2024-09-10
998,320,848,Ремонт окончен,Ремонт вмятин,20000.0,2024-08-28
999,170,219,Ремонтируется,ТО,5000.0,2024-08-14
1000,978,762,Ремонт окончен,Поломка замков,60000.0,2024-08-27
